quadrat,cc,density,block,strip,square_original,side,square,x,y,c1.new.em,c2.new.em,c4.new.em,c5.new.em
212,hdshoots,50,2,21,14,east,11,1,1,0,0,0,0
212,hdshoots,50,2,21,24,east,21,2,1,0,0,0,0
212,hdshoots,50,2,21,34,east,31,3,1,0,0,0,0
212,hdshoots,50,2,21,44,east,41,4,1,0,0,0,0
212,hdshoots,50,2,21,15,east,12,1,2,0,0,0,0
212,hdshoots,50,2,21,25,east,22,2,2,0,0,0,0
212,hdshoots,50,2,21,35,east,32,3,2,0,0,0,0
212,hdshoots,50,2,21,45,east,42,4,2,0,0,0,0
212,hdshoots,50,2,21,16,east,13,1,3,0,0,0,0
212,hdshoots,50,2,21,26,east,23,2,3,0,0,0,0
212,hdshoots,50,2,21,36,east,33,3,3,0,0,0,0
212,hdshoots,50,2,21,46,east,43,4,3,0,0,0,0
213,hdshoots,50000,2,21,14,east,11,1,1,38,2,17,9
213,hdshoots,50000,2,21,24,east,21,2,1,80,8,36,12
213,hdshoots,50000,2,21,34,east,31,3,1,9,20,10,0
213,hdshoots,50000,2,21,44,east,41,4,1,10,9,12,0
213,hdshoots,50000,2,21,15,east,12,1,2,46,6,5,6
213,hdshoots,50000,2,21,25,east,22,2,2,11,12,18,7
213,hdshoots,50000,2,21,35,east,32,3,2,20,9,27,1
213,hdshoots,50000,2,21,45,east,42,4,2,4,5,6,0
213,hdshoots,50000,2,21,16,east,13,1,3,14,23,28,11
213,hdshoots,50000,2,21,26,east,23,2,3,9,13,1,11
213,hdshoots,50000,2,21,36,east,33,3,3,11,14,31,2
213,hdshoots,50000,2,21,46,east,43,4,3,0,1,5,0
217,hdshoots,500,2,21,14,east,11,1,1,0,0,0,0
217,hdshoots,500,2,21,24,east,21,2,1,0,0,0,0
217,hdshoots,500,2,21,34,east,31,3,1,1,0,0,0
217,hdshoots,500,2,21,44,east,41,4,1,0,0,0,0
217,hdshoots,500,2,21,15,east,12,1,2,0,0,0,0
217,hdshoots,500,2,21,25,east,22,2,2,0,0,0,0
217,hdshoots,500,2,21,35,east,32,3,2,0,0,0,0
217,hdshoots,500,2,21,45,east,42,4,2,0,0,0,0
217,hdshoots,500,2,21,16,east,13,1,3,0,0,0,0
217,hdshoots,500,2,21,26,east,23,2,3,0,0,0,0
217,hdshoots,500,2,21,36,east,33,3,3,0,0,0,0
217,hdshoots,500,2,21,46,east,43,4,3,0,0,0,0
218,hdshoots,5000,2,21,14,east,11,1,1,0,0,0,0
218,hdshoots,5000,2,21,24,east,21,2,1,2,0,2,0
218,hdshoots,5000,2,21,34,east,31,3,1,0,0,2,0
218,hdshoots,5000,2,21,44,east,41,4,1,0,0,2,0
218,hdshoots,5000,2,21,15,east,12,1,2,-1,0,1,1
218,hdshoots,5000,2,21,25,east,22,2,2,1,0,5,1
218,hdshoots,5000,2,21,35,east,32,3,2,3,1,2,0
218,hdshoots,5000,2,21,45,east,42,4,2,0,0,3,0
218,hdshoots,5000,2,21,16,east,13,1,3,0,0,2,0
218,hdshoots,5000,2,21,26,east,23,2,3,1,0,0,0
218,hdshoots,5000,2,21,36,east,33,3,3,1,0,5,0
218,hdshoots,5000,2,21,46,east,43,4,3,0,1,1,0
221,ldshoots,50,2,22,14,east,11,1,1,0,0,0,0
221,ldshoots,50,2,22,24,east,21,2,1,0,0,0,0
221,ldshoots,50,2,22,34,east,31,3,1,0,0,0,0
221,ldshoots,50,2,22,44,east,41,4,1,0,0,0,0
221,ldshoots,50,2,22,15,east,12,1,2,0,0,0,0
221,ldshoots,50,2,22,25,east,22,2,2,0,0,0,0
221,ldshoots,50,2,22,35,east,32,3,2,0,0,0,0
221,ldshoots,50,2,22,45,east,42,4,2,0,0,0,0
221,ldshoots,50,2,22,16,east,13,1,3,0,0,0,0
221,ldshoots,50,2,22,26,east,23,2,3,1,0,0,0
221,ldshoots,50,2,22,36,east,33,3,3,0,0,0,0
221,ldshoots,50,2,22,46,east,43,4,3,0,0,0,0
223,ldshoots,50000,2,22,14,east,11,1,1,32,2,19,0
223,ldshoots,50000,2,22,24,east,21,2,1,68,18,15,0
223,ldshoots,50000,2,22,34,east,31,3,1,23,16,10,0
223,ldshoots,50000,2,22,44,east,41,4,1,35,2,7,0
223,ldshoots,50000,2,22,15,east,12,1,2,24,16,15,0
223,ldshoots,50000,2,22,25,east,22,2,2,15,26,48,1
223,ldshoots,50000,2,22,35,east,32,3,2,41,5,23,0
223,ldshoots,50000,2,22,45,east,42,4,2,1,1,12,1
223,ldshoots,50000,2,22,16,east,13,1,3,12,0,5,0
223,ldshoots,50000,2,22,26,east,23,2,3,22,1,13,0
223,ldshoots,50000,2,22,36,east,33,3,3,5,4,9,0
223,ldshoots,50000,2,22,46,east,43,4,3,0,0,8,0
224,ldshoots,500,2,22,11,west,11,1,1,0,0,0,0
224,ldshoots,500,2,22,21,west,21,2,1,0,0,1,0
224,ldshoots,500,2,22,31,west,31,3,1,0,0,0,0
224,ldshoots,500,2,22,41,west,41,4,1,0,0,0,0
224,ldshoots,500,2,22,12,west,12,1,2,0,0,0,0
224,ldshoots,500,2,22,22,west,22,2,2,0,0,0,0
224,ldshoots,500,2,22,32,west,32,3,2,0,0,0,0
224,ldshoots,500,2,22,42,west,42,4,2,0,0,0,0
224,ldshoots,500,2,22,13,west,13,1,3,0,0,1,0
224,ldshoots,500,2,22,23,west,23,2,3,0,0,0,0
224,ldshoots,500,2,22,33,west,33,3,3,1,0,0,0
224,ldshoots,500,2,22,43,west,43,4,3,0,0,0,0
227,ldshoots,5000,2,22,14,east,11,1,1,0,1,0,1
227,ldshoots,5000,2,22,24,east,21,2,1,0,2,1,0
227,ldshoots,5000,2,22,34,east,31,3,1,0,0,3,0
227,ldshoots,5000,2,22,44,east,41,4,1,0,1,4,0
227,ldshoots,5000,2,22,15,east,12,1,2,2,0,0,0
227,ldshoots,5000,2,22,25,east,22,2,2,1,1,0,0
227,ldshoots,5000,2,22,35,east,32,3,2,1,3,0,1
227,ldshoots,5000,2,22,45,east,42,4,2,0,3,4,0
227,ldshoots,5000,2,22,16,east,13,1,3,1,1,1,0
227,ldshoots,5000,2,22,26,east,23,2,3,1,2,0,0
227,ldshoots,5000,2,22,36,east,33,3,3,0,0,1,0
227,ldshoots,5000,2,22,46,east,43,4,3,0,0,2,0
231,bare,50000,2,23,14,east,11,1,1,20,5,0,0
231,bare,50000,2,23,24,east,21,2,1,34,30,5,0
231,bare,50000,2,23,34,east,31,3,1,34,11,8,3
231,bare,50000,2,23,44,east,41,4,1,24,4,6,2
231,bare,50000,2,23,15,east,12,1,2,15,2,0,0
231,bare,50000,2,23,25,east,22,2,2,64,29,9,14
231,bare,50000,2,23,35,east,32,3,2,13,19,1,3
231,bare,50000,2,23,45,east,42,4,2,18,23,4,14
231,bare,50000,2,23,16,east,13,1,3,37,2,6,10
231,bare,50000,2,23,26,east,23,2,3,75,0,6,10
231,bare,50000,2,23,36,east,33,3,3,28,15,5,1
231,bare,50000,2,23,46,east,43,4,3,32,16,1,2
235,bare,500,2,23,14,east,11,1,1,0,1,0,0
235,bare,500,2,23,24,east,21,2,1,0,1,0,0
235,bare,500,2,23,34,east,31,3,1,0,0,0,0
235,bare,500,2,23,44,east,41,4,1,0,0,0,0
235,bare,500,2,23,15,east,12,1,2,0,0,0,0
235,bare,500,2,23,25,east,22,2,2,1,0,0,0
235,bare,500,2,23,35,east,32,3,2,0,1,0,0
235,bare,500,2,23,45,east,42,4,2,0,0,0,0
235,bare,500,2,23,16,east,13,1,3,1,0,0,0
235,bare,500,2,23,26,east,23,2,3,0,0,0,0
235,bare,500,2,23,36,east,33,3,3,0,0,0,1
235,bare,500,2,23,46,east,43,4,3,0,0,0,0
237,bare,5000,2,23,14,east,11,1,1,0,0,0,1
237,bare,5000,2,23,24,east,21,2,1,0,5,0,0
237,bare,5000,2,23,34,east,31,3,1,2,1,1,0
237,bare,5000,2,23,44,east,41,4,1,10,0,0,0
237,bare,5000,2,23,15,east,12,1,2,0,1,0,0
237,bare,5000,2,23,25,east,22,2,2,0,2,0,0
237,bare,5000,2,23,35,east,32,3,2,5,0,0,1
237,bare,5000,2,23,45,east,42,4,2,0,0,0,1
237,bare,5000,2,23,16,east,13,1,3,0,0,2,0
237,bare,5000,2,23,26,east,23,2,3,0,0,0,0
237,bare,5000,2,23,36,east,33,3,3,0,2,0,0
237,bare,5000,2,23,46,east,43,4,3,0,0,0,0
239,bare,50,2,23,11,west,11,1,1,0,0,0,0
239,bare,50,2,23,21,west,21,2,1,0,0,0,0
239,bare,50,2,23,31,west,31,3,1,0,0,0,0
239,bare,50,2,23,41,west,41,4,1,0,0,0,0
239,bare,50,2,23,12,west,12,1,2,0,0,0,0
239,bare,50,2,23,22,west,22,2,2,0,0,0,0
239,bare,50,2,23,32,west,32,3,2,0,0,0,0
239,bare,50,2,23,42,west,42,4,2,0,0,0,0
239,bare,50,2,23,13,west,13,1,3,0,0,0,0
239,bare,50,2,23,23,west,23,2,3,0,0,0,0
239,bare,50,2,23,33,west,33,3,3,0,0,0,0
239,bare,50,2,23,43,west,43,4,3,0,0,0,0
243,hdr,500,2,24,11,west,11,1,1,0,0,0,1
243,hdr,500,2,24,21,west,21,2,1,0,0,1,1
243,hdr,500,2,24,31,west,31,3,1,0,1,0,0
243,hdr,500,2,24,41,west,41,4,1,0,0,0,1
243,hdr,500,2,24,12,west,12,1,2,0,0,0,0
243,hdr,500,2,24,22,west,22,2,2,0,0,0,0
243,hdr,500,2,24,32,west,32,3,2,1,0,0,0
243,hdr,500,2,24,42,west,42,4,2,0,0,0,0
243,hdr,500,2,24,13,west,13,1,3,0,0,2,1
243,hdr,500,2,24,23,west,23,2,3,0,0,0,0
243,hdr,500,2,24,33,west,33,3,3,0,0,0,0
243,hdr,500,2,24,43,west,43,4,3,0,0,0,0
245,hdr,50,2,24,11,west,11,1,1,0,0,0,0
245,hdr,50,2,24,21,west,21,2,1,0,0,0,1
245,hdr,50,2,24,31,west,31,3,1,0,0,0,0
245,hdr,50,2,24,41,west,41,4,1,0,0,0,0
245,hdr,50,2,24,12,west,12,1,2,0,0,0,0
245,hdr,50,2,24,22,west,22,2,2,0,0,0,0
245,hdr,50,2,24,32,west,32,3,2,0,0,0,0
245,hdr,50,2,24,42,west,42,4,2,0,0,0,0
245,hdr,50,2,24,13,west,13,1,3,1,0,0,0
245,hdr,50,2,24,23,west,23,2,3,0,0,0,0
245,hdr,50,2,24,33,west,33,3,3,0,0,0,0
245,hdr,50,2,24,43,west,43,4,3,0,0,0,0
246,hdr,50000,2,24,14,east,11,1,1,11,14,4,1
246,hdr,50000,2,24,24,east,21,2,1,3,0,0,1
246,hdr,50000,2,24,34,east,31,3,1,8,4,2,2
246,hdr,50000,2,24,44,east,41,4,1,13,19,0,0
246,hdr,50000,2,24,15,east,12,1,2,24,6,4,2
246,hdr,50000,2,24,25,east,22,2,2,31,11,4,1
246,hdr,50000,2,24,35,east,32,3,2,8,1,5,0
246,hdr,50000,2,24,45,east,42,4,2,9,5,1,0
246,hdr,50000,2,24,16,east,13,1,3,42,0,1,3
246,hdr,50000,2,24,26,east,23,2,3,12,5,0,7
246,hdr,50000,2,24,36,east,33,3,3,15,3,1,1
246,hdr,50000,2,24,46,east,43,4,3,0,0,1,0
249,hdr,5000,2,24,14,east,11,1,1,0,4,0,2
249,hdr,5000,2,24,24,east,21,2,1,0,2,0,0
249,hdr,5000,2,24,34,east,31,3,1,3,0,0,1
249,hdr,5000,2,24,44,east,41,4,1,5,2,0,1
249,hdr,5000,2,24,15,east,12,1,2,3,1,0,1
249,hdr,5000,2,24,25,east,22,2,2,1,3,0,1
249,hdr,5000,2,24,35,east,32,3,2,4,0,0,0
249,hdr,5000,2,24,45,east,42,4,2,1,0,0,0
249,hdr,5000,2,24,16,east,13,1,3,1,1,0,0
249,hdr,5000,2,24,26,east,23,2,3,1,2,0,1
249,hdr,5000,2,24,36,east,33,3,3,3,0,1,0
249,hdr,5000,2,24,46,east,43,4,3,0,1,0,1
252,ldr,50,2,25,11,west,11,1,1,0,0,0,0
252,ldr,50,2,25,21,west,21,2,1,0,0,0,0
252,ldr,50,2,25,31,west,31,3,1,0,0,0,0
252,ldr,50,2,25,41,west,41,4,1,0,0,0,0
252,ldr,50,2,25,12,west,12,1,2,0,0,0,0
252,ldr,50,2,25,22,west,22,2,2,0,0,0,0
252,ldr,50,2,25,32,west,32,3,2,0,0,0,0
252,ldr,50,2,25,42,west,42,4,2,0,0,0,0
252,ldr,50,2,25,13,west,13,1,3,0,0,0,0
252,ldr,50,2,25,23,west,23,2,3,0,0,0,0
252,ldr,50,2,25,33,west,33,3,3,0,0,0,0
252,ldr,50,2,25,43,west,43,4,3,0,0,0,0
253,ldr,500,2,25,14,east,11,1,1,0,0,5,0
253,ldr,500,2,25,24,east,21,2,1,0,0,0,0
253,ldr,500,2,25,34,east,31,3,1,2,0,2,0
253,ldr,500,2,25,44,east,41,4,1,0,0,0,0
253,ldr,500,2,25,15,east,12,1,2,0,0,0,0
253,ldr,500,2,25,25,east,22,2,2,0,1,0,0
253,ldr,500,2,25,35,east,32,3,2,0,1,0,0
253,ldr,500,2,25,45,east,42,4,2,0,0,2,0
253,ldr,500,2,25,16,east,13,1,3,0,0,0,0
253,ldr,500,2,25,26,east,23,2,3,0,0,0,0
253,ldr,500,2,25,36,east,33,3,3,0,0,0,0
253,ldr,500,2,25,46,east,43,4,3,0,0,0,0
257,ldr,5000,2,25,14,east,11,1,1,5,1,9,0
257,ldr,5000,2,25,24,east,21,2,1,7,6,1,1
257,ldr,5000,2,25,34,east,31,3,1,0,3,0,1
257,ldr,5000,2,25,44,east,41,4,1,0,4,0,0
257,ldr,5000,2,25,15,east,12,1,2,3,2,4,1
257,ldr,5000,2,25,25,east,22,2,2,5,2,1,1
257,ldr,5000,2,25,35,east,32,3,2,3,4,1,0
257,ldr,5000,2,25,45,east,42,4,2,0,2,0,2
257,ldr,5000,2,25,16,east,13,1,3,2,1,1,0
257,ldr,5000,2,25,26,east,23,2,3,0,0,2,1
257,ldr,5000,2,25,36,east,33,3,3,2,1,1,0
257,ldr,5000,2,25,46,east,43,4,3,0,0,2,0
259,ldr,50000,2,25,14,east,11,1,1,57,18,10,1
259,ldr,50000,2,25,24,east,21,2,1,67,27,23,3
259,ldr,50000,2,25,34,east,31,3,1,57,11,11,2
259,ldr,50000,2,25,44,east,41,4,1,22,7,3,4
259,ldr,50000,2,25,15,east,12,1,2,31,15,6,1
259,ldr,50000,2,25,25,east,22,2,2,52,61,31,0
259,ldr,50000,2,25,35,east,32,3,2,61,35,19,2
259,ldr,50000,2,25,45,east,42,4,2,10,13,6,0
259,ldr,50000,2,25,16,east,13,1,3,22,18,5,1
259,ldr,50000,2,25,26,east,23,2,3,39,57,7,0
259,ldr,50000,2,25,36,east,33,3,3,39,13,17,1
259,ldr,50000,2,25,46,east,43,4,3,16,9,4,0
311,ldshoots,500,3,31,14,east,11,1,1,0,0,0,0
311,ldshoots,500,3,31,24,east,21,2,1,0,0,0,0
311,ldshoots,500,3,31,34,east,31,3,1,0,0,0,0
311,ldshoots,500,3,31,44,east,41,4,1,0,0,0,0
311,ldshoots,500,3,31,15,east,12,1,2,0,0,2,0
311,ldshoots,500,3,31,25,east,22,2,2,0,0,0,0
311,ldshoots,500,3,31,35,east,32,3,2,0,0,1,0
311,ldshoots,500,3,31,45,east,42,4,2,0,0,0,0
311,ldshoots,500,3,31,16,east,13,1,3,0,0,0,0
311,ldshoots,500,3,31,26,east,23,2,3,0,0,0,0
311,ldshoots,500,3,31,36,east,33,3,3,0,0,0,0
311,ldshoots,500,3,31,46,east,43,4,3,0,0,0,0
312,ldshoots,50,3,31,14,east,11,1,1,0,0,0,0
312,ldshoots,50,3,31,24,east,21,2,1,0,0,0,0
312,ldshoots,50,3,31,34,east,31,3,1,0,0,0,0
312,ldshoots,50,3,31,44,east,41,4,1,0,0,0,0
312,ldshoots,50,3,31,15,east,12,1,2,0,0,0,0
312,ldshoots,50,3,31,25,east,22,2,2,0,0,0,0
312,ldshoots,50,3,31,35,east,32,3,2,0,0,1,0
312,ldshoots,50,3,31,45,east,42,4,2,0,0,0,0
312,ldshoots,50,3,31,16,east,13,1,3,0,0,0,0
312,ldshoots,50,3,31,26,east,23,2,3,0,0,0,0
312,ldshoots,50,3,31,36,east,33,3,3,0,0,0,0
312,ldshoots,50,3,31,46,east,43,4,3,0,0,0,0
313,ldshoots,5000,3,31,14,east,11,1,1,5,1,2,1
313,ldshoots,5000,3,31,24,east,21,2,1,2,1,3,0
313,ldshoots,5000,3,31,34,east,31,3,1,2,2,8,0
313,ldshoots,5000,3,31,44,east,41,4,1,0,0,0,0
313,ldshoots,5000,3,31,15,east,12,1,2,0,0,6,2
313,ldshoots,5000,3,31,25,east,22,2,2,1,4,3,1
313,ldshoots,5000,3,31,35,east,32,3,2,2,1,2,0
313,ldshoots,5000,3,31,45,east,42,4,2,1,1,2,0
313,ldshoots,5000,3,31,16,east,13,1,3,1,1,2,0
313,ldshoots,5000,3,31,26,east,23,2,3,1,1,3,0
313,ldshoots,5000,3,31,36,east,33,3,3,0,0,2,0
313,ldshoots,5000,3,31,46,east,43,4,3,1,0,0,0
316,ldshoots,50000,3,31,14,east,11,1,1,42,8,0,0
316,ldshoots,50000,3,31,24,east,21,2,1,109,15,22,0
316,ldshoots,50000,3,31,34,east,31,3,1,20,24,29,0
316,ldshoots,50000,3,31,44,east,41,4,1,7,15,30,0
316,ldshoots,50000,3,31,15,east,12,1,2,23,6,0,0
316,ldshoots,50000,3,31,25,east,22,2,2,29,10,17,0
316,ldshoots,50000,3,31,35,east,32,3,2,14,0,11,0
316,ldshoots,50000,3,31,45,east,42,4,2,25,3,17,0
316,ldshoots,50000,3,31,16,east,13,1,3,6,5,13,0
316,ldshoots,50000,3,31,26,east,23,2,3,14,4,10,0
316,ldshoots,50000,3,31,36,east,33,3,3,36,4,15,0
316,ldshoots,50000,3,31,46,east,43,4,3,8,5,11,0
317,ldshoots,200000,3,31,14,east,11,1,1,80,37,28,0
317,ldshoots,200000,3,31,24,east,21,2,1,252,0,34,0
317,ldshoots,200000,3,31,34,east,31,3,1,196,35,32,0
317,ldshoots,200000,3,31,44,east,41,4,1,185,5,22,0
317,ldshoots,200000,3,31,15,east,12,1,2,20,30,21,0
317,ldshoots,200000,3,31,25,east,22,2,2,192,11,33,0
317,ldshoots,200000,3,31,35,east,32,3,2,179,63,73,0
317,ldshoots,200000,3,31,45,east,42,4,2,172,3,49,0
317,ldshoots,200000,3,31,16,east,13,1,3,19,10,35,0
317,ldshoots,200000,3,31,26,east,23,2,3,98,0,28,0
317,ldshoots,200000,3,31,36,east,33,3,3,83,4,34,0
317,ldshoots,200000,3,31,46,east,43,4,3,11,5,23,0
320,bare,500,3,32,11,west,11,1,1,0,0,0,0
320,bare,500,3,32,21,west,21,2,1,0,0,0,0
320,bare,500,3,32,31,west,31,3,1,0,0,0,0
320,bare,500,3,32,41,west,41,4,1,0,0,0,0
320,bare,500,3,32,12,west,12,1,2,0,0,0,0
320,bare,500,3,32,22,west,22,2,2,0,0,0,0
320,bare,500,3,32,32,west,32,3,2,2,0,0,0
320,bare,500,3,32,42,west,42,4,2,0,1,0,0
320,bare,500,3,32,13,west,13,1,3,0,1,0,0
320,bare,500,3,32,23,west,23,2,3,0,1,0,0
320,bare,500,3,32,33,west,33,3,3,1,0,0,0
320,bare,500,3,32,43,west,43,4,3,0,0,0,0
321,bare,200000,3,32,14,east,11,1,1,57,12,6,0
321,bare,200000,3,32,24,east,21,2,1,113,6,7,0
321,bare,200000,3,32,34,east,31,3,1,90,22,10,0
321,bare,200000,3,32,44,east,41,4,1,79,46,0,0
321,bare,200000,3,32,15,east,12,1,2,38,28,3,0
321,bare,200000,3,32,25,east,22,2,2,131,47,0,0
321,bare,200000,3,32,35,east,32,3,2,52,50,0,0
321,bare,200000,3,32,45,east,42,4,2,30,31,3,0
321,bare,200000,3,32,16,east,13,1,3,27,21,4,0
321,bare,200000,3,32,26,east,23,2,3,111,39,9,0
321,bare,200000,3,32,36,east,33,3,3,28,9,5,0
321,bare,200000,3,32,46,east,43,4,3,43,18,2,0
325,bare,50,3,32,14,east,11,1,1,0,0,0,0
325,bare,50,3,32,24,east,21,2,1,0,0,0,0
325,bare,50,3,32,34,east,31,3,1,0,1,0,0
325,bare,50,3,32,44,east,41,4,1,0,0,0,0
325,bare,50,3,32,15,east,12,1,2,0,0,0,0
325,bare,50,3,32,25,east,22,2,2,0,0,0,0
325,bare,50,3,32,35,east,32,3,2,0,0,0,0
325,bare,50,3,32,45,east,42,4,2,0,0,0,0
325,bare,50,3,32,16,east,13,1,3,0,0,0,0
325,bare,50,3,32,26,east,23,2,3,0,0,0,0
325,bare,50,3,32,36,east,33,3,3,0,0,0,0
325,bare,50,3,32,46,east,43,4,3,0,0,0,0
328,bare,50000,3,32,14,east,11,1,1,44,25,1,0
328,bare,50000,3,32,24,east,21,2,1,11,43,0,3
328,bare,50000,3,32,34,east,31,3,1,32,13,6,0
328,bare,50000,3,32,44,east,41,4,1,32,36,1,4
328,bare,50000,3,32,15,east,12,1,2,26,3,0,0
328,bare,50000,3,32,25,east,22,2,2,46,10,7,0
328,bare,50000,3,32,35,east,32,3,2,35,26,4,3
328,bare,50000,3,32,45,east,42,4,2,54,19,0,1
328,bare,50000,3,32,16,east,13,1,3,4,9,4,0
328,bare,50000,3,32,26,east,23,2,3,21,4,1,0
328,bare,50000,3,32,36,east,33,3,3,42,6,6,0
328,bare,50000,3,32,46,east,43,4,3,12,2,18,0
329,bare,5000,3,32,14,east,11,1,1,2,3,0,0
329,bare,5000,3,33,24,east,21,2,1,4,0,0,0
329,bare,5000,3,33,34,east,31,3,1,4,11,0,0
329,bare,5000,3,33,44,east,41,4,1,3,0,0,0
329,bare,5000,3,33,15,east,12,1,2,10,6,1,0
329,bare,5000,3,33,25,east,22,2,2,1,2,0,0
329,bare,5000,3,33,35,east,32,3,2,5,0,1,0
329,bare,5000,3,33,45,east,42,4,2,3,2,0,0
329,bare,5000,3,33,16,east,13,1,3,2,1,0,0
329,bare,5000,3,33,26,east,23,2,3,1,1,0,0
329,bare,5000,3,33,36,east,33,3,3,6,2,0,0
329,bare,5000,3,33,46,east,43,4,3,2,1,0,1
331,hdr,5000,3,33,14,east,11,1,1,0,0,2,0
331,hdr,5000,3,33,24,east,21,2,1,0,0,10,0
331,hdr,5000,3,33,34,east,31,3,1,0,0,5,0
331,hdr,5000,3,33,44,east,41,4,1,0,0,1,0
331,hdr,5000,3,33,15,east,12,1,2,0,3,4,2
331,hdr,5000,3,33,25,east,22,2,2,0,0,5,0
331,hdr,5000,3,33,35,east,32,3,2,0,0,6,1
331,hdr,5000,3,33,45,east,42,4,2,0,0,5,0
331,hdr,5000,3,33,16,east,13,1,3,0,1,1,0
331,hdr,5000,3,33,26,east,23,2,3,0,0,2,0
331,hdr,5000,3,33,36,east,33,3,3,0,0,3,0
331,hdr,5000,3,33,46,east,43,4,3,0,0,6,0
334,hdr,50000,3,33,14,east,11,1,1,3,2,27,0
334,hdr,50000,3,33,24,east,21,2,1,5,2,34,0
334,hdr,50000,3,33,34,east,31,3,1,60,17,48,0
334,hdr,50000,3,33,44,east,41,4,1,79,11,71,0
334,hdr,50000,3,33,15,east,12,1,2,1,1,33,0
334,hdr,50000,3,33,25,east,22,2,2,24,10,17,0
334,hdr,50000,3,33,35,east,32,3,2,27,7,22,0
334,hdr,50000,3,33,45,east,42,4,2,48,48,79,0
334,hdr,50000,3,33,16,east,13,1,3,0,1,1,0
334,hdr,50000,3,33,26,east,23,2,3,3,3,15,0
334,hdr,50000,3,33,36,east,33,3,3,1,0,2,0
334,hdr,50000,3,33,46,east,43,4,3,9,0,36,1
335,hdr,500,3,33,14,east,11,1,1,0,0,1,0
335,hdr,500,3,33,24,east,21,2,1,1,0,1,0
335,hdr,500,3,33,34,east,31,3,1,0,0,0,0
335,hdr,500,3,33,44,east,41,4,1,0,0,0,0
335,hdr,500,3,33,15,east,12,1,2,0,0,0,0
335,hdr,500,3,33,25,east,22,2,2,0,0,2,1
335,hdr,500,3,33,35,east,32,3,2,0,0,0,2
335,hdr,500,3,33,45,east,42,4,2,0,0,0,0
335,hdr,500,3,33,16,east,13,1,3,0,0,0,0
335,hdr,500,3,33,26,east,23,2,3,0,0,0,0
335,hdr,500,3,33,36,east,33,3,3,0,0,0,0
335,hdr,500,3,33,46,east,43,4,3,0,0,0,0
336,hdr,200000,3,33,14,east,11,1,1,51,23,10,0
336,hdr,200000,3,33,24,east,21,2,1,72,50,7,0
336,hdr,200000,3,33,34,east,31,3,1,77,0,19,0
336,hdr,200000,3,33,44,east,41,4,1,123,0,25,0
336,hdr,200000,3,33,15,east,12,1,2,37,8,18,0
336,hdr,200000,3,33,25,east,22,2,2,84,9,10,0
336,hdr,200000,3,33,35,east,32,3,2,61,20,6,0
336,hdr,200000,3,33,45,east,42,4,2,120,7,13,0
336,hdr,200000,3,33,16,east,13,1,3,19,7,5,0
336,hdr,200000,3,33,26,east,23,2,3,53,17,11,0
336,hdr,200000,3,33,36,east,33,3,3,78,17,23,0
336,hdr,200000,3,33,46,east,43,4,3,55,1,13,0
337,hdr,50,3,33,11,west,11,1,1,0,0,0,0
337,hdr,50,3,33,21,west,21,2,1,0,0,0,0
337,hdr,50,3,33,31,west,31,3,1,0,0,0,0
337,hdr,50,3,33,41,west,41,4,1,0,0,0,1
337,hdr,50,3,33,12,west,12,1,2,0,0,0,0
337,hdr,50,3,33,22,west,22,2,2,0,0,0,0
337,hdr,50,3,33,32,west,32,3,2,0,0,0,0
337,hdr,50,3,33,42,west,42,4,2,0,0,0,0
337,hdr,50,3,33,13,west,13,1,3,1,0,0,0
337,hdr,50,3,33,23,west,23,2,3,0,0,2,0
337,hdr,50,3,33,33,west,33,3,3,0,0,0,0
337,hdr,50,3,33,43,west,43,4,3,0,0,0,0
340,hdshoots,200000,3,34,14,east,11,1,1,207,24,47,0
340,hdshoots,200000,3,34,24,east,21,2,1,154,36,25,0
340,hdshoots,200000,3,34,34,east,31,3,1,180,10,42,0
340,hdshoots,200000,3,34,44,east,41,4,1,72,50,9,0
340,hdshoots,200000,3,34,15,east,12,1,2,122,20,9,0
340,hdshoots,200000,3,34,25,east,22,2,2,156,0,4,0
340,hdshoots,200000,3,34,35,east,32,3,2,159,0,33,0
340,hdshoots,200000,3,34,45,east,42,4,2,203,12,24,0
340,hdshoots,200000,3,34,16,east,13,1,3,82,25,13,0
340,hdshoots,200000,3,34,26,east,23,2,3,113,7,6,0
340,hdshoots,200000,3,34,36,east,33,3,3,45,0,41,0
340,hdshoots,200000,3,34,46,east,43,4,3,170,6,2,0
342,hdshoots,50,3,34,14,east,11,1,1,0,0,0,0
342,hdshoots,50,3,34,24,east,21,2,1,0,0,0,0
342,hdshoots,50,3,34,34,east,31,3,1,0,0,0,0
342,hdshoots,50,3,34,44,east,41,4,1,0,0,0,0
342,hdshoots,50,3,34,15,east,12,1,2,0,0,0,0
342,hdshoots,50,3,34,25,east,22,2,2,0,0,0,0
342,hdshoots,50,3,34,35,east,32,3,2,0,0,0,0
342,hdshoots,50,3,34,45,east,42,4,2,0,0,0,0
342,hdshoots,50,3,34,16,east,13,1,3,0,0,0,0
342,hdshoots,50,3,34,26,east,23,2,3,0,0,0,0
342,hdshoots,50,3,34,36,east,33,3,3,0,0,0,0
342,hdshoots,50,3,34,46,east,43,4,3,0,0,0,0
345,hdshoots,50000,3,34,14,east,11,1,1,43,12,5,0
345,hdshoots,50000,3,34,24,east,21,2,1,40,8,37,1
345,hdshoots,50000,3,34,34,east,31,3,1,36,0,36,0
345,hdshoots,50000,3,34,44,east,41,4,1,42,10,0,0
345,hdshoots,50000,3,34,15,east,12,1,2,70,0,41,0
345,hdshoots,50000,3,34,25,east,22,2,2,83,17,52,2
345,hdshoots,50000,3,34,35,east,32,3,2,27,28,31,0
345,hdshoots,50000,3,34,45,east,42,4,2,25,0,22,0
345,hdshoots,50000,3,34,16,east,13,1,3,16,4,40,0
345,hdshoots,50000,3,34,26,east,23,2,3,48,0,14,0
345,hdshoots,50000,3,34,36,east,33,3,3,25,15,9,0
345,hdshoots,50000,3,34,46,east,43,4,3,6,5,13,0
347,hdshoots,5000,3,34,14,east,11,1,1,1,3,10,0
347,hdshoots,5000,3,34,24,east,21,2,1,2,4,1,0
347,hdshoots,5000,3,34,34,east,31,3,1,2,0,5,0
347,hdshoots,5000,3,34,44,east,41,4,1,2,4,4,0
347,hdshoots,5000,3,34,15,east,12,1,2,5,2,6,1
347,hdshoots,5000,3,34,25,east,22,2,2,4,0,1,0
347,hdshoots,5000,3,34,35,east,32,3,2,1,3,9,0
347,hdshoots,5000,3,34,45,east,42,4,2,0,3,3,0
347,hdshoots,5000,3,34,16,east,13,1,3,0,2,5,0
347,hdshoots,5000,3,34,26,east,23,2,3,0,1,2,0
347,hdshoots,5000,3,34,36,east,33,3,3,1,1,7,0
347,hdshoots,5000,3,34,46,east,43,4,3,0,2,1,0
349,hdshoots,500,3,34,11,west,11,1,1,0,0,2,0
349,hdshoots,500,3,34,21,west,21,2,1,0,0,0,0
349,hdshoots,500,3,34,31,west,31,3,1,1,0,2,0
349,hdshoots,500,3,34,41,west,41,4,1,0,0,1,0
349,hdshoots,500,3,34,12,west,12,1,2,0,1,1,0
349,hdshoots,500,3,34,22,west,22,2,2,0,0,0,0
349,hdshoots,500,3,34,32,west,32,3,2,0,1,0,0
349,hdshoots,500,3,34,42,west,42,4,2,0,0,0,0
349,hdshoots,500,3,34,13,west,13,1,3,0,0,1,0
349,hdshoots,500,3,34,23,west,23,2,3,0,2,0,0
349,hdshoots,500,3,34,33,west,33,3,3,0,0,1,0
349,hdshoots,500,3,34,43,west,43,4,3,0,1,2,0
350,ldr,5000,3,35,14,east,11,1,1,4,2,8,0
350,ldr,5000,3,35,24,east,21,2,1,5,1,6,0
350,ldr,5000,3,35,34,east,31,3,1,7,0,2,0
350,ldr,5000,3,35,44,east,41,4,1,1,1,2,0
350,ldr,5000,3,35,15,east,12,1,2,0,4,0,1
350,ldr,5000,3,35,25,east,22,2,2,1,5,3,0
350,ldr,5000,3,35,35,east,32,3,2,0,2,3,0
350,ldr,5000,3,35,45,east,42,4,2,2,0,0,0
350,ldr,5000,3,35,16,east,13,1,3,0,0,1,0
350,ldr,5000,3,35,26,east,23,2,3,0,0,2,0
350,ldr,5000,3,35,36,east,33,3,3,0,0,0,0
350,ldr,5000,3,35,46,east,43,4,3,0,0,0,0
353,ldr,200000,3,35,14,east,11,1,1,65,16,9,0
353,ldr,200000,3,35,24,east,21,2,1,236,25,27,0
353,ldr,200000,3,35,34,east,31,3,1,81,23,28,4
353,ldr,200000,3,35,44,east,41,4,1,39,9,15,0
353,ldr,200000,3,35,15,east,12,1,2,137,37,4,0
353,ldr,200000,3,35,25,east,22,2,2,196,48,35,0
353,ldr,200000,3,35,35,east,32,3,2,115,23,1,0
353,ldr,200000,3,35,45,east,42,4,2,8,0,10,1
353,ldr,200000,3,35,16,east,13,1,3,199,29,13,0
353,ldr,200000,3,35,26,east,23,2,3,73,21,25,0
353,ldr,200000,3,35,36,east,33,3,3,54,2,4,0
353,ldr,200000,3,35,46,east,43,4,3,4,0,23,0
354,ldr,50000,3,35,14,east,11,1,1,6,19,38,0
354,ldr,50000,3,35,24,east,21,2,1,56,15,7,0
354,ldr,50000,3,35,34,east,31,3,1,77,1,6,0
354,ldr,50000,3,35,44,east,41,4,1,43,9,1,2
354,ldr,50000,3,35,15,east,12,1,2,5,10,18,0
354,ldr,50000,3,35,25,east,22,2,2,56,6,11,0
354,ldr,50000,3,35,35,east,32,3,2,69,0,17,0
354,ldr,50000,3,35,45,east,42,4,2,16,5,0,1
354,ldr,50000,3,35,16,east,13,1,3,7,1,4,0
354,ldr,50000,3,35,26,east,23,2,3,42,7,0,2
354,ldr,50000,3,35,36,east,33,3,3,43,1,4,0
354,ldr,50000,3,35,46,east,43,4,3,8,0,0,0
356,ldr,500,3,35,14,east,11,1,1,0,0,0,0
356,ldr,500,3,35,24,east,21,2,1,0,0,0,0
356,ldr,500,3,35,34,east,31,3,1,0,0,0,1
356,ldr,500,3,35,44,east,41,4,1,0,0,0,0
356,ldr,500,3,35,15,east,12,1,2,0,0,1,0
356,ldr,500,3,35,25,east,22,2,2,0,0,0,1
356,ldr,500,3,35,35,east,32,3,2,0,0,0,0
356,ldr,500,3,35,45,east,42,4,2,0,0,0,0
356,ldr,500,3,35,16,east,13,1,3,0,0,0,0
356,ldr,500,3,35,26,east,23,2,3,0,0,0,0
356,ldr,500,3,35,36,east,33,3,3,0,0,0,0
356,ldr,500,3,35,46,east,43,4,3,0,0,0,1
359,ldr,50,3,35,11,west,11,1,1,0,0,1,0
359,ldr,50,3,35,21,west,21,2,1,0,0,0,0
359,ldr,50,3,35,31,west,31,3,1,0,0,0,0
359,ldr,50,3,35,41,west,41,4,1,0,0,0,0
359,ldr,50,3,35,12,west,12,1,2,0,0,0,0
359,ldr,50,3,35,22,west,22,2,2,0,0,0,0
359,ldr,50,3,35,32,west,32,3,2,0,0,0,0
359,ldr,50,3,35,42,west,42,4,2,0,0,0,0
359,ldr,50,3,35,13,west,13,1,3,0,1,0,0
359,ldr,50,3,35,23,west,23,2,3,0,0,0,0
359,ldr,50,3,35,33,west,33,3,3,0,0,0,0
359,ldr,50,3,35,43,west,43,4,3,0,0,0,0
411,bare,50,4,41,14,east,11,1,1,0,0,0,0
411,bare,50,4,41,24,east,21,2,1,0,0,0,1
411,bare,50,4,41,34,east,31,3,1,0,0,0,0
411,bare,50,4,41,44,east,41,4,1,0,0,0,0
411,bare,50,4,41,15,east,12,1,2,0,0,0,0
411,bare,50,4,41,25,east,22,2,2,0,0,0,0
411,bare,50,4,41,35,east,32,3,2,0,0,0,0
411,bare,50,4,41,45,east,42,4,2,0,0,0,0
411,bare,50,4,41,16,east,13,1,3,0,0,0,0
411,bare,50,4,41,26,east,23,2,3,0,0,0,0
411,bare,50,4,41,36,east,33,3,3,0,0,0,0
411,bare,50,4,41,46,east,43,4,3,0,0,0,0
414,bare,5000,4,41,14,east,11,1,1,0,0,0,0
414,bare,5000,4,41,24,east,21,2,1,1,0,0,0
414,bare,5000,4,41,34,east,31,3,1,0,0,0,0
414,bare,5000,4,41,44,east,41,4,1,0,0,0,0
414,bare,5000,4,41,15,east,12,1,2,0,0,0,0
414,bare,5000,4,41,25,east,22,2,2,1,0,0,0
414,bare,5000,4,41,35,east,32,3,2,1,0,0,0
414,bare,5000,4,41,45,east,42,4,2,0,0,0,0
414,bare,5000,4,41,16,east,13,1,3,0,0,0,0
414,bare,5000,4,41,26,east,23,2,3,0,0,0,0
414,bare,5000,4,41,36,east,33,3,3,0,0,0,0
414,bare,5000,4,41,46,east,43,4,3,0,0,0,0
415,bare,50000,4,41,14,east,11,1,1,2,2,0,0
415,bare,50000,4,41,24,east,21,2,1,21,21,1,1
415,bare,50000,4,41,34,east,31,3,1,24,0,3,0
415,bare,50000,4,41,44,east,41,4,1,24,4,2,0
415,bare,50000,4,41,15,east,12,1,2,1,0,0,0
415,bare,50000,4,41,25,east,22,2,2,20,24,0,4
415,bare,50000,4,41,35,east,32,3,2,19,3,0,0
415,bare,50000,4,41,45,east,42,4,2,5,2,0,0
415,bare,50000,4,41,16,east,13,1,3,2,0,0,0
415,bare,50000,4,41,26,east,23,2,3,6,2,1,0
415,bare,50000,4,41,36,east,33,3,3,2,12,0,1
415,bare,50000,4,41,46,east,43,4,3,1,0,2,0
418,bare,5000,4,41,14,east,11,1,1,2,0,0,0
418,bare,5000,4,41,24,east,21,2,1,1,1,0,1
418,bare,5000,4,41,34,east,31,3,1,0,1,0,1
418,bare,5000,4,41,44,east,41,4,1,0,0,0,0
418,bare,5000,4,41,15,east,12,1,2,0,2,0,0
418,bare,5000,4,41,25,east,22,2,2,3,1,0,1
418,bare,5000,4,41,35,east,32,3,2,0,1,0,0
418,bare,5000,4,41,45,east,42,4,2,1,0,0,0
418,bare,5000,4,41,16,east,13,1,3,0,2,0,0
418,bare,5000,4,41,26,east,23,2,3,1,0,0,0
418,bare,5000,4,41,36,east,33,3,3,2,0,0,0
418,bare,5000,4,41,46,east,43,4,3,0,0,0,0
423,hdshoots,5000,4,42,11,west,11,1,1,5,4,3,1
423,hdshoots,5000,4,42,21,west,21,2,1,0,0,1,0
423,hdshoots,5000,4,42,31,west,31,3,1,4,0,0,0
423,hdshoots,5000,4,42,41,west,41,4,1,1,1,1,0
423,hdshoots,5000,4,42,12,west,12,1,2,0,0,5,0
423,hdshoots,5000,4,42,22,west,22,2,2,7,1,2,0
423,hdshoots,5000,4,42,32,west,32,3,2,4,1,2,0
423,hdshoots,5000,4,42,42,west,42,4,2,1,1,2,0
423,hdshoots,5000,4,42,13,west,13,1,3,11,2,8,0
423,hdshoots,5000,4,42,23,west,23,2,3,11,0,2,0
423,hdshoots,5000,4,42,33,west,33,3,3,8,0,3,0
423,hdshoots,5000,4,42,43,west,43,4,3,3,1,3,0
424,hdshoots,50,4,42,14,east,11,1,1,0,0,0,0
424,hdshoots,50,4,42,24,east,21,2,1,0,0,0,0
424,hdshoots,50,4,42,34,east,31,3,1,0,0,0,0
424,hdshoots,50,4,42,44,east,41,4,1,0,0,0,0
424,hdshoots,50,4,42,15,east,12,1,2,0,0,0,0
424,hdshoots,50,4,42,25,east,22,2,2,0,0,0,0
424,hdshoots,50,4,42,35,east,32,3,2,0,0,0,0
424,hdshoots,50,4,42,45,east,42,4,2,0,0,0,0
424,hdshoots,50,4,42,16,east,13,1,3,0,0,0,0
424,hdshoots,50,4,42,26,east,23,2,3,0,0,0,0
424,hdshoots,50,4,42,36,east,33,3,3,0,0,0,0
424,hdshoots,50,4,42,46,east,43,4,3,0,0,0,0
428,hdshoots,50000,4,42,14,east,11,1,1,36,1,6,0
428,hdshoots,50000,4,42,24,east,21,2,1,40,5,23,0
428,hdshoots,50000,4,42,34,east,31,3,1,29,3,30,0
428,hdshoots,50000,4,42,44,east,41,4,1,23,2,27,0
428,hdshoots,50000,4,42,15,east,12,1,2,11,5,13,0
428,hdshoots,50000,4,42,25,east,22,2,2,24,0,13,0
428,hdshoots,50000,4,42,35,east,32,3,2,41,5,10,0
428,hdshoots,50000,4,42,45,east,42,4,2,29,10,4,0
428,hdshoots,50000,4,42,16,east,13,1,3,11,1,0,0
428,hdshoots,50000,4,42,26,east,23,2,3,11,10,17,0
428,hdshoots,50000,4,42,36,east,33,3,3,24,7,8,0
428,hdshoots,50000,4,42,46,east,43,4,3,33,0,31,0
429,hdshoots,500,4,42,14,east,11,1,1,0,0,0,0
429,hdshoots,500,4,42,24,east,21,2,1,0,0,0,0
429,hdshoots,500,4,42,34,east,31,3,1,1,1,0,0
429,hdshoots,500,4,42,44,east,41,4,1,0,0,0,0
429,hdshoots,500,4,42,15,east,12,1,2,0,0,0,0
429,hdshoots,500,4,42,25,east,22,2,2,0,0,0,0
429,hdshoots,500,4,42,35,east,32,3,2,0,0,0,0
429,hdshoots,500,4,42,45,east,42,4,2,0,0,0,0
429,hdshoots,500,4,42,16,east,13,1,3,0,0,2,0
429,hdshoots,500,4,42,26,east,23,2,3,0,1,0,0
429,hdshoots,500,4,42,36,east,33,3,3,0,0,0,0
429,hdshoots,500,4,42,46,east,43,4,3,0,0,0,0
431,ldr,500,4,43,11,west,11,1,1,0,0,0,0
431,ldr,500,4,43,21,west,21,2,1,0,0,0,0
431,ldr,500,4,43,31,west,31,3,1,1,0,1,0
431,ldr,500,4,43,41,west,41,4,1,0,0,0,0
431,ldr,500,4,43,12,west,12,1,2,0,0,0,0
431,ldr,500,4,43,22,west,22,2,2,0,2,0,0
431,ldr,500,4,43,32,west,32,3,2,1,1,1,0
431,ldr,500,4,43,42,west,42,4,2,0,3,1,0
431,ldr,500,4,43,13,west,13,1,3,0,0,0,0
431,ldr,500,4,43,23,west,23,2,3,0,0,0,0
431,ldr,500,4,43,33,west,33,3,3,0,1,1,0
431,ldr,500,4,43,43,west,43,4,3,0,0,2,0
433,ldr,5000,4,43,14,east,11,1,1,0,1,5,0
433,ldr,5000,4,43,24,east,21,2,1,0,0,0,0
433,ldr,5000,4,43,34,east,31,3,1,0,0,9,0
433,ldr,5000,4,43,44,east,41,4,1,0,0,4,0
433,ldr,5000,4,43,15,east,12,1,2,1,0,4,0
433,ldr,5000,4,43,25,east,22,2,2,6,1,0,0
433,ldr,5000,4,43,35,east,32,3,2,0,0,8,0
433,ldr,5000,4,43,45,east,42,4,2,0,0,7,0
433,ldr,5000,4,43,16,east,13,1,3,0,0,0,0
433,ldr,5000,4,43,26,east,23,2,3,0,0,3,0
433,ldr,5000,4,43,36,east,33,3,3,3,0,2,0
433,ldr,5000,4,43,46,east,43,4,3,0,0,3,0
435,ldr,50,4,43,14,east,11,1,1,0,0,0,0
435,ldr,50,4,43,24,east,21,2,1,0,0,0,0
435,ldr,50,4,43,34,east,31,3,1,0,0,0,0
435,ldr,50,4,43,44,east,41,4,1,0,0,0,0
435,ldr,50,4,43,15,east,12,1,2,0,0,0,0
435,ldr,50,4,43,25,east,22,2,2,0,0,0,0
435,ldr,50,4,43,35,east,32,3,2,0,0,0,0
435,ldr,50,4,43,45,east,42,4,2,0,0,0,0
435,ldr,50,4,43,16,east,13,1,3,0,0,0,0
435,ldr,50,4,43,26,east,23,2,3,0,0,0,0
435,ldr,50,4,43,36,east,33,3,3,0,0,0,0
435,ldr,50,4,43,46,east,43,4,3,0,0,0,0
436,ldr,50000,4,43,14,east,11,1,1,14,3,1,0
436,ldr,50000,4,43,24,east,21,2,1,33,1,0,0
436,ldr,50000,4,43,34,east,31,3,1,7,7,1,0
436,ldr,50000,4,43,44,east,41,4,1,7,0,6,0
436,ldr,50000,4,43,15,east,12,1,2,16,0,3,0
436,ldr,50000,4,43,25,east,22,2,2,30,6,3,1
436,ldr,50000,4,43,35,east,32,3,2,7,4,3,0
436,ldr,50000,4,43,45,east,42,4,2,8,0,2,0
436,ldr,50000,4,43,16,east,13,1,3,19,0,1,0
436,ldr,50000,4,43,26,east,23,2,3,39,3,1,2
436,ldr,50000,4,43,36,east,33,3,3,1,6,6,0
436,ldr,50000,4,43,46,east,43,4,3,7,0,4,0
442,hdr,50000,4,44,14,east,11,1,1,51,25,19,0
442,hdr,50000,4,44,24,east,21,2,1,38,5,17,0
442,hdr,50000,4,44,34,east,31,3,1,50,16,26,6
442,hdr,50000,4,44,44,east,41,4,1,38,10,18,0
442,hdr,50000,4,44,15,east,12,1,2,56,6,45,0
442,hdr,50000,4,44,25,east,22,2,2,42,11,47,0
442,hdr,50000,4,44,35,east,32,3,2,52,21,32,0
442,hdr,50000,4,44,45,east,42,4,2,52,4,25,0
442,hdr,50000,4,44,16,east,13,1,3,18,4,6,3
442,hdr,50000,4,44,26,east,23,2,3,49,4,10,0
442,hdr,50000,4,44,36,east,33,3,3,58,0,33,0
442,hdr,50000,4,44,46,east,43,4,3,37,0,22,0
443,hdr,50,4,44,14,east,11,1,1,0,0,0,0
443,hdr,50,4,44,24,east,21,2,1,0,0,0,0
443,hdr,50,4,44,34,east,31,3,1,0,0,0,0
443,hdr,50,4,44,44,east,41,4,1,0,0,0,0
443,hdr,50,4,44,15,east,12,1,2,0,0,0,0
443,hdr,50,4,44,25,east,22,2,2,0,0,0,0
443,hdr,50,4,44,35,east,32,3,2,0,0,0,0
443,hdr,50,4,44,45,east,42,4,2,0,1,0,1
443,hdr,50,4,44,16,east,13,1,3,0,0,0,0
443,hdr,50,4,44,26,east,23,2,3,0,0,1,0
443,hdr,50,4,44,36,east,33,3,3,0,0,0,0
443,hdr,50,4,44,46,east,43,4,3,0,0,0,0
445,hdr,500,4,44,14,east,11,1,1,0,0,2,1
445,hdr,500,4,44,24,east,21,2,1,0,0,1,0
445,hdr,500,4,44,34,east,31,3,1,0,0,2,0
445,hdr,500,4,44,44,east,41,4,1,0,0,0,0
445,hdr,500,4,44,15,east,12,1,2,0,0,0,0
445,hdr,500,4,44,25,east,22,2,2,0,0,2,0
445,hdr,500,4,44,35,east,32,3,2,0,0,0,0
445,hdr,500,4,44,45,east,42,4,2,0,0,3,0
445,hdr,500,4,44,16,east,13,1,3,0,0,1,0
445,hdr,500,4,44,26,east,23,2,3,0,0,0,1
445,hdr,500,4,44,36,east,33,3,3,0,0,0,1
445,hdr,500,4,44,46,east,43,4,3,0,0,1,0
448,hdr,5000,4,44,14,east,11,1,1,0,0,3,0
448,hdr,5000,4,44,24,east,21,2,1,2,2,2,0
448,hdr,5000,4,44,34,east,31,3,1,1,1,1,0
448,hdr,5000,4,44,44,east,41,4,1,0,5,6,0
448,hdr,5000,4,44,15,east,12,1,2,0,2,14,0
448,hdr,5000,4,44,25,east,22,2,2,5,7,4,0
448,hdr,5000,4,44,35,east,32,3,2,3,1,13,0
448,hdr,5000,4,44,45,east,42,4,2,2,0,4,0
448,hdr,5000,4,44,16,east,13,1,3,0,2,8,0
448,hdr,5000,4,44,26,east,23,2,3,0,1,0,0
448,hdr,5000,4,44,36,east,33,3,3,2,1,4,0
448,hdr,5000,4,44,46,east,43,4,3,1,0,2,0
452,ldshoots,50,4,45,11,east,11,1,1,0,0,0,0
452,ldshoots,50,4,45,21,east,21,2,1,0,0,0,0
452,ldshoots,50,4,45,31,east,31,3,1,0,0,0,0
452,ldshoots,50,4,45,41,east,41,4,1,0,0,0,0
452,ldshoots,50,4,45,12,east,12,1,2,0,0,0,0
452,ldshoots,50,4,45,22,east,22,2,2,0,0,0,0
452,ldshoots,50,4,45,32,east,32,3,2,1,0,0,0
452,ldshoots,50,4,45,42,east,42,4,2,0,0,0,0
452,ldshoots,50,4,45,13,east,13,1,3,0,0,0,0
452,ldshoots,50,4,45,23,east,23,2,3,0,0,0,0
452,ldshoots,50,4,45,33,east,33,3,3,0,0,0,0
452,ldshoots,50,4,45,43,east,43,4,3,0,0,0,0
455,ldshoots,50000,4,45,14,east,11,1,1,47,4,22,0
455,ldshoots,50000,4,45,24,east,21,2,1,37,4,29,2
455,ldshoots,50000,4,45,34,east,31,3,1,38,2,32,2
455,ldshoots,50000,4,45,44,east,41,4,1,4,1,15,0
455,ldshoots,50000,4,45,15,east,12,1,2,24,0,15,0
455,ldshoots,50000,4,45,25,east,22,2,2,20,0,9,0
455,ldshoots,50000,4,45,35,east,32,3,2,14,1,2,0
455,ldshoots,50000,4,45,45,east,42,4,2,8,0,4,3
455,ldshoots,50000,4,45,16,east,13,1,3,8,0,19,0
455,ldshoots,50000,4,45,26,east,23,2,3,5,0,14,3
455,ldshoots,50000,4,45,36,east,33,3,3,4,0,9,0
455,ldshoots,50000,4,45,46,east,43,4,3,1,0,9,0
456,ldshoots,500,4,45,14,east,11,1,1,0,0,0,0
456,ldshoots,500,4,45,24,east,21,2,1,0,0,0,0
456,ldshoots,500,4,45,34,east,31,3,1,0,0,0,0
456,ldshoots,500,4,45,44,east,41,4,1,0,0,0,0
456,ldshoots,500,4,45,15,east,12,1,2,0,0,0,0
456,ldshoots,500,4,45,25,east,22,2,2,0,0,0,0
456,ldshoots,500,4,45,35,east,32,3,2,0,0,0,0
456,ldshoots,500,4,45,45,east,42,4,2,0,0,1,0
456,ldshoots,500,4,45,16,east,13,1,3,0,0,0,0
456,ldshoots,500,4,45,26,east,23,2,3,1,0,0,0
456,ldshoots,500,4,45,36,east,33,3,3,0,0,0,0
456,ldshoots,500,4,45,46,east,43,4,3,0,0,1,0
458,ldshoots,5000,4,45,14,east,11,1,1,4,0,8,0
458,ldshoots,5000,4,45,24,east,21,2,1,2,1,2,1
458,ldshoots,5000,4,45,34,east,31,3,1,3,1,6,0
458,ldshoots,5000,4,45,44,east,41,4,1,2,0,2,0
458,ldshoots,5000,4,45,15,east,12,1,2,2,0,4,0
458,ldshoots,5000,4,45,25,east,22,2,2,1,0,1,0
458,ldshoots,5000,4,45,35,east,32,3,2,2,0,1,1
458,ldshoots,5000,4,45,45,east,42,4,2,1,0,0,0
458,ldshoots,5000,4,45,16,east,13,1,3,0,0,1,0
458,ldshoots,5000,4,45,26,east,23,2,3,0,0,0,0
458,ldshoots,5000,4,45,36,east,33,3,3,0,0,0,0
458,ldshoots,5000,4,45,46,east,43,4,3,1,0,2,0
513,hdshoots,500,5,51,11,west,11,1,1,0,0,0,0
513,hdshoots,500,5,51,21,west,21,2,1,0,0,0,0
513,hdshoots,500,5,51,31,west,31,3,1,0,0,0,0
513,hdshoots,500,5,51,41,west,41,4,1,1,0,0,0
513,hdshoots,500,5,51,12,west,12,1,2,0,0,0,0
513,hdshoots,500,5,51,22,west,22,2,2,1,0,0,0
513,hdshoots,500,5,51,32,west,32,3,2,0,0,0,0
513,hdshoots,500,5,51,42,west,42,4,2,0,0,1,0
513,hdshoots,500,5,51,13,west,13,1,3,0,0,0,0
513,hdshoots,500,5,51,23,west,23,2,3,0,1,1,0
513,hdshoots,500,5,51,33,west,33,3,3,0,0,0,0
513,hdshoots,500,5,51,43,west,43,4,3,1,0,0,1
515,hdshoots,5000,5,51,14,east,11,1,1,2,3,5,0
515,hdshoots,5000,5,51,24,east,21,2,1,1,4,3,1
515,hdshoots,5000,5,51,34,east,31,3,1,10,4,3,0
515,hdshoots,5000,5,51,44,east,41,4,1,3,4,2,0
515,hdshoots,5000,5,51,15,east,12,1,2,1,5,8,0
515,hdshoots,5000,5,51,25,east,22,2,2,0,3,6,0
515,hdshoots,5000,5,51,35,east,32,3,2,2,7,3,0
515,hdshoots,5000,5,51,45,east,42,4,2,2,1,1,0
515,hdshoots,5000,5,51,16,east,13,1,3,6,9,14,0
515,hdshoots,5000,5,51,26,east,23,2,3,0,0,2,0
515,hdshoots,5000,5,51,36,east,33,3,3,1,2,3,0
515,hdshoots,5000,5,51,46,east,43,4,3,2,0,1,0
516,hdshoots,50000,5,51,14,east,11,1,1,8,18,6,0
516,hdshoots,50000,5,51,24,east,21,2,1,45,32,23,0
516,hdshoots,50000,5,51,34,east,31,3,1,35,42,0,0
516,hdshoots,50000,5,51,44,east,41,4,1,24,42,3,0
516,hdshoots,50000,5,51,15,east,12,1,2,15,51,2,0
516,hdshoots,50000,5,51,25,east,22,2,2,37,45,15,0
516,hdshoots,50000,5,51,35,east,32,3,2,36,42,3,0
516,hdshoots,50000,5,51,45,east,42,4,2,15,5,13,0
516,hdshoots,50000,5,51,16,east,13,1,3,2,3,4,1
516,hdshoots,50000,5,51,26,east,23,2,3,29,24,3,0
516,hdshoots,50000,5,51,36,east,33,3,3,15,14,0,0
516,hdshoots,50000,5,51,46,east,43,4,3,3,5,2,0
517,hdshoots,50,5,51,14,east,11,1,1,0,0,0,0
517,hdshoots,50,5,51,24,east,21,2,1,0,0,0,0
517,hdshoots,50,5,51,34,east,31,3,1,0,0,0,0
517,hdshoots,50,5,51,44,east,41,4,1,0,0,1,0
517,hdshoots,50,5,51,15,east,12,1,2,0,0,0,0
517,hdshoots,50,5,51,25,east,22,2,2,1,0,0,0
517,hdshoots,50,5,51,35,east,32,3,2,0,0,0,0
517,hdshoots,50,5,51,45,east,42,4,2,0,0,0,0
517,hdshoots,50,5,51,16,east,13,1,3,0,0,0,0
517,hdshoots,50,5,51,26,east,23,2,3,0,0,0,0
517,hdshoots,50,5,51,36,east,33,3,3,0,0,0,0
517,hdshoots,50,5,51,46,east,43,4,3,0,0,0,0
521,ldr,50000,5,52,14,east,11,1,1,31,11,0,0
521,ldr,50000,5,52,24,east,21,2,1,52,22,0,0
521,ldr,50000,5,52,34,east,31,3,1,50,14,0,0
521,ldr,50000,5,52,44,east,41,4,1,9,41,0,0
521,ldr,50000,5,52,15,east,12,1,2,28,6,0,0
521,ldr,50000,5,52,25,east,22,2,2,115,23,0,0
521,ldr,50000,5,52,35,east,32,3,2,58,33,0,0
521,ldr,50000,5,52,45,east,42,4,2,5,6,0,5
521,ldr,50000,5,52,16,east,13,1,3,10,1,0,0
521,ldr,50000,5,52,26,east,23,2,3,68,26,0,0
521,ldr,50000,5,52,36,east,33,3,3,22,48,0,1
521,ldr,50000,5,52,46,east,43,4,3,2,15,0,0
522,ldr,5000,5,52,14,east,11,1,1,3,0,0,0
522,ldr,5000,5,52,24,east,21,2,1,4,4,0,0
522,ldr,5000,5,52,34,east,31,3,1,0,0,0,0
522,ldr,5000,5,52,44,east,41,4,1,1,5,0,0
522,ldr,5000,5,52,15,east,12,1,2,2,6,0,1
522,ldr,5000,5,52,25,east,22,2,2,0,7,0,0
522,ldr,5000,5,52,35,east,32,3,2,0,1,0,1
522,ldr,5000,5,52,45,east,42,4,2,2,1,0,0
522,ldr,5000,5,52,16,east,13,1,3,1,2,1,0
522,ldr,5000,5,52,26,east,23,2,3,2,8,0,0
522,ldr,5000,5,52,36,east,33,3,3,0,4,0,0
522,ldr,5000,5,52,46,east,43,4,3,0,0,0,0
523,ldr,50,5,52,14,east,11,1,1,0,0,0,0
523,ldr,50,5,52,24,east,21,2,1,0,0,0,0
523,ldr,50,5,52,34,east,31,3,1,0,0,0,0
523,ldr,50,5,52,44,east,41,4,1,0,0,0,0
523,ldr,50,5,52,15,east,12,1,2,0,0,0,0
523,ldr,50,5,52,25,east,22,2,2,0,0,0,0
523,ldr,50,5,52,35,east,32,3,2,0,0,0,0
523,ldr,50,5,52,45,east,42,4,2,1,0,0,0
523,ldr,50,5,52,16,east,13,1,3,0,0,0,0
523,ldr,50,5,52,26,east,23,2,3,0,1,0,0
523,ldr,50,5,52,36,east,33,3,3,0,0,0,1
523,ldr,50,5,52,46,east,43,4,3,0,0,0,0
525,ldr,500,5,52,14,east,11,1,1,0,0,0,0
525,ldr,500,5,52,24,east,21,2,1,0,0,0,0
525,ldr,500,5,52,34,east,31,3,1,0,0,2,0
525,ldr,500,5,52,44,east,41,4,1,3,0,0,0
525,ldr,500,5,52,15,east,12,1,2,0,0,0,0
525,ldr,500,5,52,25,east,22,2,2,0,0,1,0
525,ldr,500,5,52,35,east,32,3,2,0,0,3,0
525,ldr,500,5,52,45,east,42,4,2,0,0,2,0
525,ldr,500,5,52,16,east,13,1,3,0,0,0,0
525,ldr,500,5,52,26,east,23,2,3,0,0,0,0
525,ldr,500,5,52,36,east,33,3,3,0,0,2,0
525,ldr,500,5,52,46,east,43,4,3,0,0,0,0
532,hdr,5000,5,53,14,east,11,1,1,0,3,1,0
532,hdr,5000,5,53,24,east,21,2,1,0,0,9,0
532,hdr,5000,5,53,34,east,31,3,1,0,3,5,0
532,hdr,5000,5,53,44,east,41,4,1,3,2,10,0
532,hdr,5000,5,53,15,east,12,1,2,2,5,2,0
532,hdr,5000,5,53,25,east,22,2,2,0,3,6,0
532,hdr,5000,5,53,35,east,32,3,2,2,0,6,0
532,hdr,5000,5,53,45,east,42,4,2,0,6,0,0
532,hdr,5000,5,53,16,east,13,1,3,0,6,3,0
532,hdr,5000,5,53,26,east,23,2,3,0,0,1,1
532,hdr,5000,5,53,36,east,33,3,3,0,7,3,0
532,hdr,5000,5,53,46,east,43,4,3,3,8,2,0
536,hdr,500,5,53,14,east,11,1,1,0,6,0,0
536,hdr,500,5,53,24,east,21,2,1,0,0,0,0
536,hdr,500,5,53,34,east,31,3,1,0,0,0,0
536,hdr,500,5,53,44,east,41,4,1,0,0,0,0
536,hdr,500,5,53,15,east,12,1,2,0,1,1,0
536,hdr,500,5,53,25,east,22,2,2,0,0,0,0
536,hdr,500,5,53,35,east,32,3,2,0,0,0,0
536,hdr,500,5,53,45,east,42,4,2,0,0,0,0
536,hdr,500,5,53,16,east,13,1,3,0,0,1,0
536,hdr,500,5,53,26,east,23,2,3,0,0,0,1
536,hdr,500,5,53,36,east,33,3,3,0,2,0,0
536,hdr,500,5,53,46,east,43,4,3,0,0,0,0
537,hdr,50,5,53,14,east,11,1,1,0,0,0,0
537,hdr,50,5,53,24,east,21,2,1,0,0,0,0
537,hdr,50,5,53,34,east,31,3,1,0,0,0,0
537,hdr,50,5,53,44,east,41,4,1,0,0,0,0
537,hdr,50,5,53,15,east,12,1,2,0,1,0,0
537,hdr,50,5,53,25,east,22,2,2,0,0,0,0
537,hdr,50,5,53,35,east,32,3,2,0,0,0,0
537,hdr,50,5,53,45,east,42,4,2,0,0,0,0
537,hdr,50,5,53,16,east,13,1,3,0,0,0,0
537,hdr,50,5,53,26,east,23,2,3,0,0,0,0
537,hdr,50,5,53,36,east,33,3,3,0,0,0,0
537,hdr,50,5,53,46,east,43,4,3,0,0,0,0
539,hdr,50000,5,53,14,east,11,1,1,23,0,0,0
539,hdr,50000,5,53,24,east,21,2,1,38,61,0,0
539,hdr,50000,5,53,34,east,31,3,1,37,33,0,1
539,hdr,50000,5,53,44,east,41,4,1,26,36,0,1
539,hdr,50000,5,53,15,east,12,1,2,30,47,1,0
539,hdr,50000,5,53,25,east,22,2,2,57,19,0,1
539,hdr,50000,5,53,35,east,32,3,2,20,27,0,1
539,hdr,50000,5,53,45,east,42,4,2,22,10,8,2
539,hdr,50000,5,53,16,east,13,1,3,6,0,4,0
539,hdr,50000,5,53,26,east,23,2,3,3,0,2,0
539,hdr,50000,5,53,36,east,33,3,3,8,13,0,1
539,hdr,50000,5,53,46,east,43,4,3,12,8,3,0
541,ldshoots,50000,5,54,14,east,11,1,1,29,18,0,0
541,ldshoots,50000,5,54,24,east,21,2,1,23,16,10,0
541,ldshoots,50000,5,54,34,east,31,3,1,34,19,0,3
541,ldshoots,50000,5,54,44,east,41,4,1,1,6,10,0
541,ldshoots,50000,5,54,15,east,12,1,2,16,9,3,0
541,ldshoots,50000,5,54,25,east,22,2,2,25,11,13,0
541,ldshoots,50000,5,54,35,east,32,3,2,39,10,15,0
541,ldshoots,50000,5,54,45,east,42,4,2,15,9,11,0
541,ldshoots,50000,5,54,16,east,13,1,3,1,3,5,0
541,ldshoots,50000,5,54,26,east,23,2,3,1,17,5,0
541,ldshoots,50000,5,54,36,east,33,3,3,51,18,6,0
541,ldshoots,50000,5,54,46,east,43,4,3,2,2,14,0
545,ldshoots,500,5,54,14,east,11,1,1,0,0,1,0
545,ldshoots,500,5,54,24,east,21,2,1,0,0,0,0
545,ldshoots,500,5,54,34,east,31,3,1,0,1,0,1
545,ldshoots,500,5,54,44,east,41,4,1,0,0,0,0
545,ldshoots,500,5,54,15,east,12,1,2,0,0,1,0
545,ldshoots,500,5,54,25,east,22,2,2,0,0,0,0
545,ldshoots,500,5,54,35,east,32,3,2,0,0,0,0
545,ldshoots,500,5,54,45,east,42,4,2,0,0,0,0
545,ldshoots,500,5,54,16,east,13,1,3,0,0,0,0
545,ldshoots,500,5,54,26,east,23,2,3,0,0,0,0
545,ldshoots,500,5,54,36,east,33,3,3,0,1,0,0
545,ldshoots,500,5,54,46,east,43,4,3,1,0,0,0
547,ldshoots,50,5,54,11,west,11,1,1,0,0,0,0
547,ldshoots,50,5,54,21,west,21,2,1,0,0,0,0
547,ldshoots,50,5,54,31,west,31,3,1,0,0,0,0
547,ldshoots,50,5,54,41,west,41,4,1,1,0,0,0
547,ldshoots,50,5,54,12,west,12,1,2,0,0,0,0
547,ldshoots,50,5,54,22,west,22,2,2,0,0,0,0
547,ldshoots,50,5,54,32,west,32,3,2,0,0,0,0
547,ldshoots,50,5,54,42,west,42,4,2,0,0,0,0
547,ldshoots,50,5,54,13,west,13,1,3,0,0,0,0
547,ldshoots,50,5,54,23,west,23,2,3,0,0,0,0
547,ldshoots,50,5,54,33,west,33,3,3,0,0,0,0
547,ldshoots,50,5,54,43,west,43,4,3,0,0,0,0
549,ldshoots,5000,5,54,14,east,11,1,1,6,2,0,0
549,ldshoots,5000,5,54,24,east,21,2,1,1,7,1,0
549,ldshoots,5000,5,54,34,east,31,3,1,0,0,2,0
549,ldshoots,5000,5,54,44,east,41,4,1,0,1,1,0
549,ldshoots,5000,5,54,15,east,12,1,2,13,12,0,0
549,ldshoots,5000,5,54,25,east,22,2,2,1,4,1,0
549,ldshoots,5000,5,54,35,east,32,3,2,1,1,0,0
549,ldshoots,5000,5,54,45,east,42,4,2,0,0,1,0
549,ldshoots,5000,5,54,16,east,13,1,3,0,2,4,0
549,ldshoots,5000,5,54,26,east,23,2,3,3,1,0,0
549,ldshoots,5000,5,54,36,east,33,3,3,0,4,0,0
549,ldshoots,5000,5,54,46,east,43,4,3,0,0,0,0
552,bare,5000,5,55,11,west,11,1,1,0,4,1,0
552,bare,5000,5,55,21,west,21,2,1,0,2,0,0
552,bare,5000,5,55,31,west,31,3,1,0,7,0,0
552,bare,5000,5,55,41,west,41,4,1,0,2,1,0
552,bare,5000,5,55,12,west,12,1,2,-1,7,0,0
552,bare,5000,5,55,22,west,22,2,2,0,2,1,0
552,bare,5000,5,55,32,west,32,3,2,0,9,0,0
552,bare,5000,5,55,42,west,42,4,2,0,3,0,0
552,bare,5000,5,55,13,west,13,1,3,1,3,1,1
552,bare,5000,5,55,23,west,23,2,3,0,0,0,0
552,bare,5000,5,55,33,west,33,3,3,0,6,0,0
552,bare,5000,5,55,43,west,43,4,3,1,1,0,0
553,bare,50000,5,55,14,east,11,1,1,16,20,0,0
553,bare,50000,5,55,24,east,21,2,1,44,52,0,0
553,bare,50000,5,55,34,east,31,3,1,35,35,0,1
553,bare,50000,5,55,44,east,41,4,1,18,39,0,0
553,bare,50000,5,55,15,east,12,1,2,15,15,0,3
553,bare,50000,5,55,25,east,22,2,2,42,49,4,0
553,bare,50000,5,55,35,east,32,3,2,21,13,0,0
553,bare,50000,5,55,45,east,42,4,2,13,11,0,0
553,bare,50000,5,55,16,east,13,1,3,3,3,0,0
553,bare,50000,5,55,26,east,23,2,3,6,8,0,0
553,bare,50000,5,55,36,east,33,3,3,32,19,0,0
553,bare,50000,5,55,46,east,43,4,3,4,6,0,1
557,bare,500,5,55,11,west,11,1,1,0,0,0,0
557,bare,500,5,55,21,west,21,2,1,0,1,0,0
557,bare,500,5,55,31,west,31,3,1,1,0,0,0
557,bare,500,5,55,41,west,41,4,1,0,1,0,0
557,bare,500,5,55,12,west,12,1,2,0,1,0,0
557,bare,500,5,55,22,west,22,2,2,0,0,0,0
557,bare,500,5,55,32,west,32,3,2,0,0,0,0
557,bare,500,5,55,42,west,42,4,2,0,0,0,0
557,bare,500,5,55,13,west,13,1,3,2,0,0,0
557,bare,500,5,55,23,west,23,2,3,0,0,0,0
557,bare,500,5,55,33,west,33,3,3,0,0,0,0
557,bare,500,5,55,43,west,43,4,3,0,0,1,0
558,bare,50,5,55,11,west,11,1,1,0,0,0,0
558,bare,50,5,55,21,west,21,2,1,0,0,1,0
558,bare,50,5,55,31,west,31,3,1,0,1,0,0
558,bare,50,5,55,41,west,41,4,1,0,0,0,0
558,bare,50,5,55,12,west,12,1,2,0,0,0,0
558,bare,50,5,55,22,west,22,2,2,0,0,0,0
558,bare,50,5,55,32,west,32,3,2,0,0,0,0
558,bare,50,5,55,42,west,42,4,2,0,0,0,0
558,bare,50,5,55,13,west,13,1,3,0,0,0,0
558,bare,50,5,55,23,west,23,2,3,0,0,0,0
558,bare,50,5,55,33,west,33,3,3,0,0,0,0
558,bare,50,5,55,43,west,43,4,3,0,0,0,0