quadrat,cc,density,block,strip,square_original,square,census2,census4
212,hdshoots,50,2,21,14,11,0,0
212,hdshoots,50,2,21,24,21,0,0
212,hdshoots,50,2,21,34,31,0,0
212,hdshoots,50,2,21,44,41,0,0
212,hdshoots,50,2,21,15,12,0,0
212,hdshoots,50,2,21,25,22,0,0
212,hdshoots,50,2,21,35,32,0,0
212,hdshoots,50,2,21,45,42,0,0
212,hdshoots,50,2,21,16,13,0,0
212,hdshoots,50,2,21,26,23,0,0
212,hdshoots,50,2,21,36,33,0,0
212,hdshoots,50,2,21,46,43,0,0
213,hdshoots,50000,2,21,14,11,38,48
213,hdshoots,50000,2,21,24,21,75,72
213,hdshoots,50000,2,21,34,31,28,24
213,hdshoots,50000,2,21,44,41,19,22
213,hdshoots,50000,2,21,15,12,48,33
213,hdshoots,50000,2,21,25,22,22,30
213,hdshoots,50000,2,21,35,32,23,47
213,hdshoots,50000,2,21,45,42,8,12
213,hdshoots,50000,2,21,16,13,37,60
213,hdshoots,50000,2,21,26,23,21,39
213,hdshoots,50000,2,21,36,33,18,49
213,hdshoots,50000,2,21,46,43,1,6
217,hdshoots,500,2,21,14,11,0,0
217,hdshoots,500,2,21,24,21,0,0
217,hdshoots,500,2,21,34,31,1,1
217,hdshoots,500,2,21,44,41,0,0
217,hdshoots,500,2,21,15,12,0,0
217,hdshoots,500,2,21,25,22,0,0
217,hdshoots,500,2,21,35,32,0,0
217,hdshoots,500,2,21,45,42,0,0
217,hdshoots,500,2,21,16,13,0,0
217,hdshoots,500,2,21,26,23,0,0
217,hdshoots,500,2,21,36,33,0,0
217,hdshoots,500,2,21,46,43,0,0
218,hdshoots,5000,2,21,14,11,0,0
218,hdshoots,5000,2,21,24,21,0,5
218,hdshoots,5000,2,21,34,31,0,2
218,hdshoots,5000,2,21,44,41,0,2
218,hdshoots,5000,2,21,15,12,1,1
218,hdshoots,5000,2,21,25,22,1,6
218,hdshoots,5000,2,21,35,32,1,3
218,hdshoots,5000,2,21,45,42,0,3
218,hdshoots,5000,2,21,16,13,0,3
218,hdshoots,5000,2,21,26,23,1,1
218,hdshoots,5000,2,21,36,33,0,5
218,hdshoots,5000,2,21,46,43,1,2
221,ldshoots,50,2,22,14,11,0,0
221,ldshoots,50,2,22,24,21,0,0
221,ldshoots,50,2,22,34,31,0,0
221,ldshoots,50,2,22,44,41,0,0
221,ldshoots,50,2,22,15,12,0,0
221,ldshoots,50,2,22,25,22,0,0
221,ldshoots,50,2,22,35,32,0,0
221,ldshoots,50,2,22,45,42,0,0
221,ldshoots,50,2,22,16,13,0,0
221,ldshoots,50,2,22,26,23,0,0
221,ldshoots,50,2,22,36,33,0,0
221,ldshoots,50,2,22,46,43,0,0
223,ldshoots,50000,2,22,14,11,34,31
223,ldshoots,50000,2,22,24,21,82,22
223,ldshoots,50000,2,22,34,31,39,15
223,ldshoots,50000,2,22,44,41,37,26
223,ldshoots,50000,2,22,15,12,40,25
223,ldshoots,50000,2,22,25,22,41,59
223,ldshoots,50000,2,22,35,32,46,41
223,ldshoots,50000,2,22,45,42,2,19
223,ldshoots,50000,2,22,16,13,7,7
223,ldshoots,50000,2,22,26,23,23,17
223,ldshoots,50000,2,22,36,33,9,12
223,ldshoots,50000,2,22,46,43,0,11
224,ldshoots,500,2,22,11,11,0,0
224,ldshoots,500,2,22,21,21,0,1
224,ldshoots,500,2,22,31,31,0,1
224,ldshoots,500,2,22,41,41,0,0
224,ldshoots,500,2,22,12,12,0,0
224,ldshoots,500,2,22,22,22,0,0
224,ldshoots,500,2,22,32,32,0,0
224,ldshoots,500,2,22,42,42,0,0
224,ldshoots,500,2,22,13,13,0,1
224,ldshoots,500,2,22,23,23,0,0
224,ldshoots,500,2,22,33,33,0,0
224,ldshoots,500,2,22,43,43,0,0
227,ldshoots,5000,2,22,14,11,1,0
227,ldshoots,5000,2,22,24,21,2,1
227,ldshoots,5000,2,22,34,31,0,3
227,ldshoots,5000,2,22,44,41,1,4
227,ldshoots,5000,2,22,15,12,1,3
227,ldshoots,5000,2,22,25,22,2,0
227,ldshoots,5000,2,22,35,32,4,2
227,ldshoots,5000,2,22,45,42,3,6
227,ldshoots,5000,2,22,16,13,2,2
227,ldshoots,5000,2,22,26,23,3,0
227,ldshoots,5000,2,22,36,33,0,1
227,ldshoots,5000,2,22,46,43,0,2
231,bare,50000,2,23,14,11,25,6
231,bare,50000,2,23,24,21,63,27
231,bare,50000,2,23,34,31,44,20
231,bare,50000,2,23,44,41,28,15
231,bare,50000,2,23,15,12,17,8
231,bare,50000,2,23,25,22,93,31
231,bare,50000,2,23,35,32,32,8
231,bare,50000,2,23,45,42,41,17
231,bare,50000,2,23,16,13,39,17
231,bare,50000,2,23,26,23,75,22
231,bare,50000,2,23,36,33,43,10
231,bare,50000,2,23,46,43,48,6
235,bare,500,2,23,14,11,1,0
235,bare,500,2,23,24,21,1,0
235,bare,500,2,23,34,31,0,0
235,bare,500,2,23,44,41,0,1
235,bare,500,2,23,15,12,0,0
235,bare,500,2,23,25,22,1,0
235,bare,500,2,23,35,32,1,0
235,bare,500,2,23,45,42,0,0
235,bare,500,2,23,16,13,1,0
235,bare,500,2,23,26,23,0,0
235,bare,500,2,23,36,33,0,0
235,bare,500,2,23,46,43,0,0
237,bare,5000,2,23,14,11,0,0
237,bare,5000,2,23,24,21,5,2
237,bare,5000,2,23,34,31,3,4
237,bare,5000,2,23,44,41,8,0
237,bare,5000,2,23,15,12,1,2
237,bare,5000,2,23,25,22,2,3
237,bare,5000,2,23,35,32,2,2
237,bare,5000,2,23,45,42,0,0
237,bare,5000,2,23,16,13,0,2
237,bare,5000,2,23,26,23,0,1
237,bare,5000,2,23,36,33,2,3
237,bare,5000,2,23,46,43,0,2
239,bare,50,2,23,11,11,0,0
239,bare,50,2,23,21,21,0,0
239,bare,50,2,23,31,31,0,0
239,bare,50,2,23,41,41,0,1
239,bare,50,2,23,12,12,0,0
239,bare,50,2,23,22,22,0,0
239,bare,50,2,23,32,32,0,0
239,bare,50,2,23,42,42,0,0
239,bare,50,2,23,13,13,0,0
239,bare,50,2,23,23,23,0,0
239,bare,50,2,23,33,33,0,0
239,bare,50,2,23,43,43,0,0
243,hdr,500,2,24,11,11,0,0
243,hdr,500,2,24,21,21,0,2
243,hdr,500,2,24,31,31,1,0
243,hdr,500,2,24,41,41,0,0
243,hdr,500,2,24,12,12,0,1
243,hdr,500,2,24,22,22,0,1
243,hdr,500,2,24,32,32,0,0
243,hdr,500,2,24,42,42,0,0
243,hdr,500,2,24,13,13,0,2
243,hdr,500,2,24,23,23,0,0
243,hdr,500,2,24,33,33,0,1
243,hdr,500,2,24,43,43,0,0
245,hdr,50,2,24,11,11,0,0
245,hdr,50,2,24,21,21,0,0
245,hdr,50,2,24,31,31,0,0
245,hdr,50,2,24,41,41,0,0
245,hdr,50,2,24,12,12,0,0
245,hdr,50,2,24,22,22,0,0
245,hdr,50,2,24,32,32,0,0
245,hdr,50,2,24,42,42,0,0
245,hdr,50,2,24,13,13,1,0
245,hdr,50,2,24,23,23,0,0
245,hdr,50,2,24,33,33,0,0
245,hdr,50,2,24,43,43,0,0
246,hdr,50000,2,24,14,11,24,16
246,hdr,50000,2,24,24,21,1,22
246,hdr,50000,2,24,34,31,11,9
246,hdr,50000,2,24,44,41,28,15
246,hdr,50000,2,24,15,12,22,13
246,hdr,50000,2,24,25,22,30,21
246,hdr,50000,2,24,35,32,5,15
246,hdr,50000,2,24,45,42,10,4
246,hdr,50000,2,24,16,13,30,4
246,hdr,50000,2,24,26,23,17,32
246,hdr,50000,2,24,36,33,10,23
246,hdr,50000,2,24,46,43,0,1
249,hdr,5000,2,24,14,11,4,0
249,hdr,5000,2,24,24,21,2,0
249,hdr,5000,2,24,34,31,0,0
249,hdr,5000,2,24,44,41,5,2
249,hdr,5000,2,24,15,12,2,0
249,hdr,5000,2,24,25,22,4,0
249,hdr,5000,2,24,35,32,1,0
249,hdr,5000,2,24,45,42,1,2
249,hdr,5000,2,24,16,13,2,0
249,hdr,5000,2,24,26,23,3,2
249,hdr,5000,2,24,36,33,3,1
249,hdr,5000,2,24,46,43,1,0
252,ldr,50,2,25,11,11,0,0
252,ldr,50,2,25,21,21,0,0
252,ldr,50,2,25,31,31,0,0
252,ldr,50,2,25,41,41,0,0
252,ldr,50,2,25,12,12,0,0
252,ldr,50,2,25,22,22,0,0
252,ldr,50,2,25,32,32,0,0
252,ldr,50,2,25,42,42,0,0
252,ldr,50,2,25,13,13,0,0
252,ldr,50,2,25,23,23,0,0
252,ldr,50,2,25,33,33,0,0
252,ldr,50,2,25,43,43,0,0
253,ldr,500,2,25,14,11,0,5
253,ldr,500,2,25,24,21,0,0
253,ldr,500,2,25,34,31,2,4
253,ldr,500,2,25,44,41,0,0
253,ldr,500,2,25,15,12,0,1
253,ldr,500,2,25,25,22,1,0
253,ldr,500,2,25,35,32,1,1
253,ldr,500,2,25,45,42,0,2
253,ldr,500,2,25,16,13,0,0
253,ldr,500,2,25,26,23,0,0
253,ldr,500,2,25,36,33,0,0
253,ldr,500,2,25,46,43,0,0
257,ldr,5000,2,25,14,11,5,10
257,ldr,5000,2,25,24,21,12,2
257,ldr,5000,2,25,34,31,3,0
257,ldr,5000,2,25,44,41,4,1
257,ldr,5000,2,25,15,12,5,7
257,ldr,5000,2,25,25,22,7,1
257,ldr,5000,2,25,35,32,7,2
257,ldr,5000,2,25,45,42,2,0
257,ldr,5000,2,25,16,13,3,2
257,ldr,5000,2,25,26,23,0,3
257,ldr,5000,2,25,36,33,3,2
257,ldr,5000,2,25,46,43,0,3
259,ldr,50000,2,25,14,11,75,14
259,ldr,50000,2,25,24,21,94,35
259,ldr,50000,2,25,34,31,68,22
259,ldr,50000,2,25,44,41,29,4
259,ldr,50000,2,25,15,12,46,9
259,ldr,50000,2,25,25,22,113,52
259,ldr,50000,2,25,35,32,96,33
259,ldr,50000,2,25,45,42,20,10
259,ldr,50000,2,25,16,13,40,12
259,ldr,50000,2,25,26,23,96,13
259,ldr,50000,2,25,36,33,52,24
259,ldr,50000,2,25,46,43,25,6
311,ldshoots,500,3,31,14,11,0,0
311,ldshoots,500,3,31,24,21,0,0
311,ldshoots,500,3,31,34,31,0,0
311,ldshoots,500,3,31,44,41,0,0
311,ldshoots,500,3,31,15,12,0,2
311,ldshoots,500,3,31,25,22,0,0
311,ldshoots,500,3,31,35,32,0,1
311,ldshoots,500,3,31,45,42,0,0
311,ldshoots,500,3,31,16,13,0,0
311,ldshoots,500,3,31,26,23,0,0
311,ldshoots,500,3,31,36,33,0,0
311,ldshoots,500,3,31,46,43,0,0
312,ldshoots,50,3,31,14,11,0,0
312,ldshoots,50,3,31,24,21,0,0
312,ldshoots,50,3,31,34,31,0,0
312,ldshoots,50,3,31,44,41,0,0
312,ldshoots,50,3,31,15,12,0,0
312,ldshoots,50,3,31,25,22,0,0
312,ldshoots,50,3,31,35,32,0,1
312,ldshoots,50,3,31,45,42,0,0
312,ldshoots,50,3,31,16,13,0,0
312,ldshoots,50,3,31,26,23,0,0
312,ldshoots,50,3,31,36,33,0,0
312,ldshoots,50,3,31,46,43,0,0
313,ldshoots,5000,3,31,14,11,4,6
313,ldshoots,5000,3,31,24,21,1,3
313,ldshoots,5000,3,31,34,31,4,9
313,ldshoots,5000,3,31,44,41,0,0
313,ldshoots,5000,3,31,15,12,0,6
313,ldshoots,5000,3,31,25,22,5,3
313,ldshoots,5000,3,31,35,32,2,3
313,ldshoots,5000,3,31,45,42,2,2
313,ldshoots,5000,3,31,16,13,1,6
313,ldshoots,5000,3,31,26,23,2,5
313,ldshoots,5000,3,31,36,33,0,2
313,ldshoots,5000,3,31,46,43,1,0
316,ldshoots,50000,3,31,14,11,50,50
316,ldshoots,50000,3,31,24,21,124,146
316,ldshoots,50000,3,31,34,31,44,70
316,ldshoots,50000,3,31,44,41,22,49
316,ldshoots,50000,3,31,15,12,29,29
316,ldshoots,50000,3,31,25,22,39,56
316,ldshoots,50000,3,31,35,32,14,20
316,ldshoots,50000,3,31,45,42,28,42
316,ldshoots,50000,3,31,16,13,11,24
316,ldshoots,50000,3,31,26,23,18,25
316,ldshoots,50000,3,31,36,33,40,49
316,ldshoots,50000,3,31,46,43,13,24
317,ldshoots,200000,3,31,14,11,117,145
317,ldshoots,200000,3,31,24,21,227,261
317,ldshoots,200000,3,31,34,31,231,257
317,ldshoots,200000,3,31,44,41,190,212
317,ldshoots,200000,3,31,15,12,50,71
317,ldshoots,200000,3,31,25,22,203,236
317,ldshoots,200000,3,31,35,32,242,293
317,ldshoots,200000,3,31,45,42,175,211
317,ldshoots,200000,3,31,16,13,29,63
317,ldshoots,200000,3,31,26,23,80,79
317,ldshoots,200000,3,31,36,33,87,117
317,ldshoots,200000,3,31,46,43,16,39
320,bare,500,3,32,11,11,0,0
320,bare,500,3,32,21,21,0,0
320,bare,500,3,32,31,31,0,0
320,bare,500,3,32,41,41,0,0
320,bare,500,3,32,12,12,0,0
320,bare,500,3,32,22,22,0,0
320,bare,500,3,32,32,32,2,0
320,bare,500,3,32,42,42,1,0
320,bare,500,3,32,13,13,1,1
320,bare,500,3,32,23,23,1,0
320,bare,500,3,32,33,33,1,0
320,bare,500,3,32,43,43,0,0
321,bare,200000,3,32,14,11,64,46
321,bare,200000,3,32,24,21,101,69
321,bare,200000,3,32,34,31,110,40
321,bare,200000,3,32,44,41,125,22
321,bare,200000,3,32,15,12,64,22
321,bare,200000,3,32,25,22,178,145
321,bare,200000,3,32,35,32,102,39
321,bare,200000,3,32,45,42,61,16
321,bare,200000,3,32,16,13,44,36
321,bare,200000,3,32,26,23,150,90
321,bare,200000,3,32,36,33,37,23
321,bare,200000,3,32,46,43,57,23
325,bare,50,3,32,14,11,0,0
325,bare,50,3,32,24,21,0,0
325,bare,50,3,32,34,31,1,0
325,bare,50,3,32,44,41,0,0
325,bare,50,3,32,15,12,0,0
325,bare,50,3,32,25,22,0,0
325,bare,50,3,32,35,32,0,1
325,bare,50,3,32,45,42,0,0
325,bare,50,3,32,16,13,0,0
325,bare,50,3,32,26,23,0,0
325,bare,50,3,32,36,33,0,0
325,bare,50,3,32,46,43,0,1
328,bare,50000,3,32,14,11,58,39
328,bare,50000,3,32,24,21,54,19
328,bare,50000,3,32,34,31,45,25
328,bare,50000,3,32,44,41,68,20
328,bare,50000,3,32,15,12,20,14
328,bare,50000,3,32,25,22,56,22
328,bare,50000,3,32,35,32,61,17
328,bare,50000,3,32,45,42,73,22
328,bare,50000,3,32,16,13,12,12
328,bare,50000,3,32,26,23,20,15
328,bare,50000,3,32,36,33,47,36
328,bare,50000,3,32,46,43,10,24
329,bare,5000,3,32,14,11,5,1
329,bare,5000,3,33,24,21,4,2
329,bare,5000,3,33,34,31,15,3
329,bare,5000,3,33,44,41,3,1
329,bare,5000,3,33,15,12,16,3
329,bare,5000,3,33,25,22,3,1
329,bare,5000,3,33,35,32,4,3
329,bare,5000,3,33,45,42,5,3
329,bare,5000,3,33,16,13,3,1
329,bare,5000,3,33,26,23,2,0
329,bare,5000,3,33,36,33,8,2
329,bare,5000,3,33,46,43,3,0
331,hdr,5000,3,33,14,11,0,22
331,hdr,5000,3,33,24,21,0,28
331,hdr,5000,3,33,34,31,0,10
331,hdr,5000,3,33,44,41,0,4
331,hdr,5000,3,33,15,12,3,9
331,hdr,5000,3,33,25,22,0,7
331,hdr,5000,3,33,35,32,0,23
331,hdr,5000,3,33,45,42,0,13
331,hdr,5000,3,33,16,13,1,6
331,hdr,5000,3,33,26,23,0,3
331,hdr,5000,3,33,36,33,0,19
331,hdr,5000,3,33,46,43,0,8
334,hdr,50000,3,33,14,11,5,85
334,hdr,50000,3,33,24,21,7,120
334,hdr,50000,3,33,34,31,77,168
334,hdr,50000,3,33,44,41,90,146
334,hdr,50000,3,33,15,12,2,76
334,hdr,50000,3,33,25,22,34,76
334,hdr,50000,3,33,35,32,34,98
334,hdr,50000,3,33,45,42,96,152
334,hdr,50000,3,33,16,13,1,17
334,hdr,50000,3,33,26,23,6,37
334,hdr,50000,3,33,36,33,1,6
334,hdr,50000,3,33,46,43,9,56
335,hdr,500,3,33,14,11,0,1
335,hdr,500,3,33,24,21,1,1
335,hdr,500,3,33,34,31,0,0
335,hdr,500,3,33,44,41,0,0
335,hdr,500,3,33,15,12,0,1
335,hdr,500,3,33,25,22,0,2
335,hdr,500,3,33,35,32,0,0
335,hdr,500,3,33,45,42,0,0
335,hdr,500,3,33,16,13,0,0
335,hdr,500,3,33,26,23,0,0
335,hdr,500,3,33,36,33,0,0
335,hdr,500,3,33,46,43,0,0
336,hdr,200000,3,33,14,11,74,78
336,hdr,200000,3,33,24,21,122,68
336,hdr,200000,3,33,34,31,77,133
336,hdr,200000,3,33,44,41,123,141
336,hdr,200000,3,33,15,12,45,53
336,hdr,200000,3,33,25,22,93,84
336,hdr,200000,3,33,35,32,81,35
336,hdr,200000,3,33,45,42,127,45
336,hdr,200000,3,33,16,13,26,8
336,hdr,200000,3,33,26,23,70,20
336,hdr,200000,3,33,36,33,95,70
336,hdr,200000,3,33,46,43,56,30
337,hdr,50,3,33,11,11,0,0
337,hdr,50,3,33,21,21,0,0
337,hdr,50,3,33,31,31,0,0
337,hdr,50,3,33,41,41,0,0
337,hdr,50,3,33,12,12,0,0
337,hdr,50,3,33,22,22,0,1
337,hdr,50,3,33,32,32,0,0
337,hdr,50,3,33,42,42,0,0
337,hdr,50,3,33,13,13,1,0
337,hdr,50,3,33,23,23,0,2
337,hdr,50,3,33,33,33,0,0
337,hdr,50,3,33,43,43,0,0
340,hdshoots,200000,3,34,14,11,231,224
340,hdshoots,200000,3,34,24,21,190,186
340,hdshoots,200000,3,34,34,31,190,220
340,hdshoots,200000,3,34,44,41,122,131
340,hdshoots,200000,3,34,15,12,142,133
340,hdshoots,200000,3,34,25,22,156,118
340,hdshoots,200000,3,34,35,32,159,175
340,hdshoots,200000,3,34,45,42,215,218
340,hdshoots,200000,3,34,16,13,107,110
340,hdshoots,200000,3,34,26,23,120,87
340,hdshoots,200000,3,34,36,33,45,86
340,hdshoots,200000,3,34,46,43,176,127
342,hdshoots,50,3,34,14,11,0,0
342,hdshoots,50,3,34,24,21,0,0
342,hdshoots,50,3,34,34,31,0,0
342,hdshoots,50,3,34,44,41,0,0
342,hdshoots,50,3,34,15,12,0,0
342,hdshoots,50,3,34,25,22,0,0
342,hdshoots,50,3,34,35,32,0,0
342,hdshoots,50,3,34,45,42,0,0
342,hdshoots,50,3,34,16,13,0,0
342,hdshoots,50,3,34,26,23,0,0
342,hdshoots,50,3,34,36,33,0,0
342,hdshoots,50,3,34,46,43,0,0
345,hdshoots,50000,3,34,14,11,55,29
345,hdshoots,50000,3,34,24,21,48,70
345,hdshoots,50000,3,34,34,31,36,73
345,hdshoots,50000,3,34,44,41,52,48
345,hdshoots,50000,3,34,15,12,64,87
345,hdshoots,50000,3,34,25,22,100,142
345,hdshoots,50000,3,34,35,32,55,86
345,hdshoots,50000,3,34,45,42,25,47
345,hdshoots,50000,3,34,16,13,20,58
345,hdshoots,50000,3,34,26,23,46,52
345,hdshoots,50000,3,34,36,33,40,47
345,hdshoots,50000,3,34,46,43,11,24
347,hdshoots,5000,3,34,14,11,3,13
347,hdshoots,5000,3,34,24,21,6,4
347,hdshoots,5000,3,34,34,31,2,5
347,hdshoots,5000,3,34,44,41,6,5
347,hdshoots,5000,3,34,15,12,7,10
347,hdshoots,5000,3,34,25,22,4,2
347,hdshoots,5000,3,34,35,32,4,11
347,hdshoots,5000,3,34,45,42,3,5
347,hdshoots,5000,3,34,16,13,2,5
347,hdshoots,5000,3,34,26,23,1,2
347,hdshoots,5000,3,34,36,33,2,8
347,hdshoots,5000,3,34,46,43,2,2
349,hdshoots,500,3,34,11,11,0,2
349,hdshoots,500,3,34,21,21,0,0
349,hdshoots,500,3,34,31,31,0,2
349,hdshoots,500,3,34,41,41,0,1
349,hdshoots,500,3,34,12,12,1,2
349,hdshoots,500,3,34,22,22,0,0
349,hdshoots,500,3,34,32,32,1,0
349,hdshoots,500,3,34,42,42,0,0
349,hdshoots,500,3,34,13,13,0,1
349,hdshoots,500,3,34,23,23,2,0
349,hdshoots,500,3,34,33,33,0,1
349,hdshoots,500,3,34,43,43,1,2
350,ldr,5000,3,35,14,11,6,14
350,ldr,5000,3,35,24,21,5,10
350,ldr,5000,3,35,34,31,7,7
350,ldr,5000,3,35,44,41,2,5
350,ldr,5000,3,35,15,12,4,12
350,ldr,5000,3,35,25,22,6,5
350,ldr,5000,3,35,35,32,2,5
350,ldr,5000,3,35,45,42,2,2
350,ldr,5000,3,35,16,13,0,2
350,ldr,5000,3,35,26,23,0,4
350,ldr,5000,3,35,36,33,0,2
350,ldr,5000,3,35,46,43,0,1
353,ldr,200000,3,35,14,11,81,64
353,ldr,200000,3,35,24,21,261,226
353,ldr,200000,3,35,34,31,104,84
353,ldr,200000,3,35,44,41,48,67
353,ldr,200000,3,35,15,12,174,144
353,ldr,200000,3,35,25,22,244,240
353,ldr,200000,3,35,35,32,138,75
353,ldr,200000,3,35,45,42,8,15
353,ldr,200000,3,35,16,13,228,178
353,ldr,200000,3,35,26,23,94,119
353,ldr,200000,3,35,36,33,56,57
353,ldr,200000,3,35,46,43,4,26
354,ldr,50000,3,35,14,11,25,51
354,ldr,50000,3,35,24,21,71,37
354,ldr,50000,3,35,34,31,78,40
354,ldr,50000,3,35,44,41,52,11
354,ldr,50000,3,35,15,12,15,36
354,ldr,50000,3,35,25,22,62,54
354,ldr,50000,3,35,35,32,69,56
354,ldr,50000,3,35,45,42,21,14
354,ldr,50000,3,35,16,13,8,6
354,ldr,50000,3,35,26,23,49,15
354,ldr,50000,3,35,36,33,44,18
354,ldr,50000,3,35,46,43,8,3
356,ldr,500,3,35,14,11,0,0
356,ldr,500,3,35,24,21,0,1
356,ldr,500,3,35,34,31,0,1
356,ldr,500,3,35,44,41,0,1
356,ldr,500,3,35,15,12,0,1
356,ldr,500,3,35,25,22,0,0
356,ldr,500,3,35,35,32,0,1
356,ldr,500,3,35,45,42,0,0
356,ldr,500,3,35,16,13,0,0
356,ldr,500,3,35,26,23,0,0
356,ldr,500,3,35,36,33,0,0
356,ldr,500,3,35,46,43,0,0
359,ldr,50,3,35,11,11,0,1
359,ldr,50,3,35,21,21,0,0
359,ldr,50,3,35,31,31,0,0
359,ldr,50,3,35,41,41,0,0
359,ldr,50,3,35,12,12,0,0
359,ldr,50,3,35,22,22,0,0
359,ldr,50,3,35,32,32,0,0
359,ldr,50,3,35,42,42,0,0
359,ldr,50,3,35,13,13,1,0
359,ldr,50,3,35,23,23,0,0
359,ldr,50,3,35,33,33,0,0
359,ldr,50,3,35,43,43,0,0
411,bare,50,4,41,14,11,0,0
411,bare,50,4,41,24,21,0,0
411,bare,50,4,41,34,31,0,0
411,bare,50,4,41,44,41,0,0
411,bare,50,4,41,15,12,0,0
411,bare,50,4,41,25,22,0,0
411,bare,50,4,41,35,32,0,0
411,bare,50,4,41,45,42,0,0
411,bare,50,4,41,16,13,0,0
411,bare,50,4,41,26,23,0,0
411,bare,50,4,41,36,33,0,0
411,bare,50,4,41,46,43,0,0
414,bare,5000,4,41,14,11,0,0
414,bare,5000,4,41,24,21,1,0
414,bare,5000,4,41,34,31,0,0
414,bare,5000,4,41,44,41,0,0
414,bare,5000,4,41,15,12,0,0
414,bare,5000,4,41,25,22,1,0
414,bare,5000,4,41,35,32,1,1
414,bare,5000,4,41,45,42,0,0
414,bare,5000,4,41,16,13,0,0
414,bare,5000,4,41,26,23,0,0
414,bare,5000,4,41,36,33,0,0
414,bare,5000,4,41,46,43,0,0
415,bare,50000,4,41,14,11,4,6
415,bare,50000,4,41,24,21,42,39
415,bare,50000,4,41,34,31,19,19
415,bare,50000,4,41,44,41,27,20
415,bare,50000,4,41,15,12,1,1
415,bare,50000,4,41,25,22,44,40
415,bare,50000,4,41,35,32,14,11
415,bare,50000,4,41,45,42,7,1
415,bare,50000,4,41,16,13,2,0
415,bare,50000,4,41,26,23,6,5
415,bare,50000,4,41,36,33,14,3
415,bare,50000,4,41,46,43,0,2
418,bare,5000,4,41,14,11,2,1
418,bare,5000,4,41,24,21,2,0
418,bare,5000,4,41,34,31,1,1
418,bare,5000,4,41,44,41,0,0
418,bare,5000,4,41,15,12,2,0
418,bare,5000,4,41,25,22,2,0
418,bare,5000,4,41,35,32,1,0
418,bare,5000,4,41,45,42,1,2
418,bare,5000,4,41,16,13,2,0
418,bare,5000,4,41,26,23,1,2
418,bare,5000,4,41,36,33,2,0
418,bare,5000,4,41,46,43,0,0
423,hdshoots,5000,4,42,11,11,9,8
423,hdshoots,5000,4,42,21,21,0,1
423,hdshoots,5000,4,42,31,31,4,0
423,hdshoots,5000,4,42,41,41,2,1
423,hdshoots,5000,4,42,12,12,0,5
423,hdshoots,5000,4,42,22,22,6,5
423,hdshoots,5000,4,42,32,32,5,2
423,hdshoots,5000,4,42,42,42,2,3
423,hdshoots,5000,4,42,13,13,13,18
423,hdshoots,5000,4,42,23,23,7,4
423,hdshoots,5000,4,42,33,33,3,4
423,hdshoots,5000,4,42,43,43,4,5
424,hdshoots,50,4,42,14,11,0,0
424,hdshoots,50,4,42,24,21,0,0
424,hdshoots,50,4,42,34,31,0,0
424,hdshoots,50,4,42,44,41,0,0
424,hdshoots,50,4,42,15,12,0,0
424,hdshoots,50,4,42,25,22,0,0
424,hdshoots,50,4,42,35,32,0,0
424,hdshoots,50,4,42,45,42,0,0
424,hdshoots,50,4,42,16,13,0,0
424,hdshoots,50,4,42,26,23,0,0
424,hdshoots,50,4,42,36,33,0,0
424,hdshoots,50,4,42,46,43,0,0
428,hdshoots,50000,4,42,14,11,32,23
428,hdshoots,50000,4,42,24,21,43,48
428,hdshoots,50000,4,42,34,31,32,50
428,hdshoots,50000,4,42,44,41,25,50
428,hdshoots,50000,4,42,15,12,16,23
428,hdshoots,50000,4,42,25,22,24,31
428,hdshoots,50000,4,42,35,32,41,37
428,hdshoots,50000,4,42,45,42,39,29
428,hdshoots,50000,4,42,16,13,12,5
428,hdshoots,50000,4,42,26,23,21,38
428,hdshoots,50000,4,42,36,33,31,37
428,hdshoots,50000,4,42,46,43,33,64
429,hdshoots,500,4,42,14,11,0,0
429,hdshoots,500,4,42,24,21,0,0
429,hdshoots,500,4,42,34,31,2,0
429,hdshoots,500,4,42,44,41,0,0
429,hdshoots,500,4,42,15,12,0,0
429,hdshoots,500,4,42,25,22,0,0
429,hdshoots,500,4,42,35,32,0,0
429,hdshoots,500,4,42,45,42,0,0
429,hdshoots,500,4,42,16,13,0,2
429,hdshoots,500,4,42,26,23,1,0
429,hdshoots,500,4,42,36,33,0,0
429,hdshoots,500,4,42,46,43,0,0
431,ldr,500,4,43,11,11,0,1
431,ldr,500,4,43,21,21,0,2
431,ldr,500,4,43,31,31,1,1
431,ldr,500,4,43,41,41,0,1
431,ldr,500,4,43,12,12,0,1
431,ldr,500,4,43,22,22,2,1
431,ldr,500,4,43,32,32,2,2
431,ldr,500,4,43,42,42,3,2
431,ldr,500,4,43,13,13,0,0
431,ldr,500,4,43,23,23,0,0
431,ldr,500,4,43,33,33,1,2
431,ldr,500,4,43,43,43,0,2
433,ldr,5000,4,43,14,11,1,12
433,ldr,5000,4,43,24,21,0,6
433,ldr,5000,4,43,34,31,0,23
433,ldr,5000,4,43,44,41,0,10
433,ldr,5000,4,43,15,12,1,9
433,ldr,5000,4,43,25,22,6,4
433,ldr,5000,4,43,35,32,0,14
433,ldr,5000,4,43,45,42,0,26
433,ldr,5000,4,43,16,13,0,0
433,ldr,5000,4,43,26,23,0,6
433,ldr,5000,4,43,36,33,3,5
433,ldr,5000,4,43,46,43,0,12
435,ldr,50,4,43,14,11,0,0
435,ldr,50,4,43,24,21,0,0
435,ldr,50,4,43,34,31,0,0
435,ldr,50,4,43,44,41,0,0
435,ldr,50,4,43,15,12,0,0
435,ldr,50,4,43,25,22,0,0
435,ldr,50,4,43,35,32,0,0
435,ldr,50,4,43,45,42,0,0
435,ldr,50,4,43,16,13,0,0
435,ldr,50,4,43,26,23,0,0
435,ldr,50,4,43,36,33,0,0
435,ldr,50,4,43,46,43,0,0
436,ldr,50000,4,43,14,11,17,26
436,ldr,50000,4,43,24,21,34,12
436,ldr,50000,4,43,34,31,14,45
436,ldr,50000,4,43,44,41,7,82
436,ldr,50000,4,43,15,12,16,33
436,ldr,50000,4,43,25,22,36,8
436,ldr,50000,4,43,35,32,11,18
436,ldr,50000,4,43,45,42,8,84
436,ldr,50000,4,43,16,13,19,23
436,ldr,50000,4,43,26,23,42,13
436,ldr,50000,4,43,36,33,7,11
436,ldr,50000,4,43,46,43,7,19
442,hdr,50000,4,44,14,11,76,77
442,hdr,50000,4,44,24,21,39,90
442,hdr,50000,4,44,34,31,66,60
442,hdr,50000,4,44,44,41,39,85
442,hdr,50000,4,44,15,12,62,113
442,hdr,50000,4,44,25,22,53,157
442,hdr,50000,4,44,35,32,73,136
442,hdr,50000,4,44,45,42,56,109
442,hdr,50000,4,44,16,13,22,23
442,hdr,50000,4,44,26,23,50,64
442,hdr,50000,4,44,36,33,48,118
442,hdr,50000,4,44,46,43,37,67
443,hdr,50,4,44,14,11,0,0
443,hdr,50,4,44,24,21,0,0
443,hdr,50,4,44,34,31,0,0
443,hdr,50,4,44,44,41,0,0
443,hdr,50,4,44,15,12,0,0
443,hdr,50,4,44,25,22,0,0
443,hdr,50,4,44,35,32,0,0
443,hdr,50,4,44,45,42,1,0
443,hdr,50,4,44,16,13,0,0
443,hdr,50,4,44,26,23,0,1
443,hdr,50,4,44,36,33,0,0
443,hdr,50,4,44,46,43,0,0
445,hdr,500,4,44,14,11,0,2
445,hdr,500,4,44,24,21,0,1
445,hdr,500,4,44,34,31,0,2
445,hdr,500,4,44,44,41,0,1
445,hdr,500,4,44,15,12,0,0
445,hdr,500,4,44,25,22,0,2
445,hdr,500,4,44,35,32,0,1
445,hdr,500,4,44,45,42,0,5
445,hdr,500,4,44,16,13,0,1
445,hdr,500,4,44,26,23,0,0
445,hdr,500,4,44,36,33,0,0
445,hdr,500,4,44,46,43,0,1
448,hdr,5000,4,44,14,11,0,16
448,hdr,5000,4,44,24,21,4,9
448,hdr,5000,4,44,34,31,2,10
448,hdr,5000,4,44,44,41,5,11
448,hdr,5000,4,44,15,12,2,29
448,hdr,5000,4,44,25,22,12,28
448,hdr,5000,4,44,35,32,4,36
448,hdr,5000,4,44,45,42,2,11
448,hdr,5000,4,44,16,13,2,18
448,hdr,5000,4,44,26,23,1,10
448,hdr,5000,4,44,36,33,3,11
448,hdr,5000,4,44,46,43,1,3
452,ldshoots,50,4,45,11,11,0,0
452,ldshoots,50,4,45,21,21,0,0
452,ldshoots,50,4,45,31,31,0,0
452,ldshoots,50,4,45,41,41,0,0
452,ldshoots,50,4,45,12,12,0,0
452,ldshoots,50,4,45,22,22,0,0
452,ldshoots,50,4,45,32,32,1,1
452,ldshoots,50,4,45,42,42,0,0
452,ldshoots,50,4,45,13,13,0,0
452,ldshoots,50,4,45,23,23,0,0
452,ldshoots,50,4,45,33,33,0,0
452,ldshoots,50,4,45,43,43,0,0
455,ldshoots,50000,4,45,14,11,51,56
455,ldshoots,50000,4,45,24,21,41,62
455,ldshoots,50000,4,45,34,31,40,40
455,ldshoots,50000,4,45,44,41,5,15
455,ldshoots,50000,4,45,15,12,24,22
455,ldshoots,50000,4,45,25,22,20,27
455,ldshoots,50000,4,45,35,32,15,6
455,ldshoots,50000,4,45,45,42,8,7
455,ldshoots,50000,4,45,16,13,8,20
455,ldshoots,50000,4,45,26,23,5,18
455,ldshoots,50000,4,45,36,33,4,12
455,ldshoots,50000,4,45,46,43,1,9
456,ldshoots,500,4,45,14,11,0,0
456,ldshoots,500,4,45,24,21,0,0
456,ldshoots,500,4,45,34,31,0,0
456,ldshoots,500,4,45,44,41,0,0
456,ldshoots,500,4,45,15,12,0,0
456,ldshoots,500,4,45,25,22,0,0
456,ldshoots,500,4,45,35,32,0,0
456,ldshoots,500,4,45,45,42,0,1
456,ldshoots,500,4,45,16,13,0,0
456,ldshoots,500,4,45,26,23,1,0
456,ldshoots,500,4,45,36,33,0,0
456,ldshoots,500,4,45,46,43,0,1
458,ldshoots,5000,4,45,14,11,3,11
458,ldshoots,5000,4,45,24,21,2,3
458,ldshoots,5000,4,45,34,31,4,6
458,ldshoots,5000,4,45,44,41,0,2
458,ldshoots,5000,4,45,15,12,1,4
458,ldshoots,5000,4,45,25,22,1,1
458,ldshoots,5000,4,45,35,32,2,1
458,ldshoots,5000,4,45,45,42,1,0
458,ldshoots,5000,4,45,16,13,0,1
458,ldshoots,5000,4,45,26,23,0,0
458,ldshoots,5000,4,45,36,33,0,0
458,ldshoots,5000,4,45,46,43,1,2
513,hdshoots,500,5,51,11,11,0,0
513,hdshoots,500,5,51,21,21,0,0
513,hdshoots,500,5,51,31,31,0,0
513,hdshoots,500,5,51,41,41,1,1
513,hdshoots,500,5,51,12,12,0,0
513,hdshoots,500,5,51,22,22,1,0
513,hdshoots,500,5,51,32,32,0,0
513,hdshoots,500,5,51,42,42,0,1
513,hdshoots,500,5,51,13,13,0,0
513,hdshoots,500,5,51,23,23,1,2
513,hdshoots,500,5,51,33,33,0,0
513,hdshoots,500,5,51,43,43,1,0
515,hdshoots,5000,5,51,14,11,4,9
515,hdshoots,5000,5,51,24,21,5,7
515,hdshoots,5000,5,51,34,31,11,8
515,hdshoots,5000,5,51,44,41,4,2
515,hdshoots,5000,5,51,15,12,6,12
515,hdshoots,5000,5,51,25,22,3,8
515,hdshoots,5000,5,51,35,32,8,6
515,hdshoots,5000,5,51,45,42,1,1
515,hdshoots,5000,5,51,16,13,12,19
515,hdshoots,5000,5,51,26,23,0,2
515,hdshoots,5000,5,51,36,33,3,6
515,hdshoots,5000,5,51,46,43,0,1
516,hdshoots,50000,5,51,14,11,26,20
516,hdshoots,50000,5,51,24,21,77,67
516,hdshoots,50000,5,51,34,31,77,57
516,hdshoots,50000,5,51,44,41,57,50
516,hdshoots,50000,5,51,15,12,62,28
516,hdshoots,50000,5,51,25,22,82,61
516,hdshoots,50000,5,51,35,32,76,73
516,hdshoots,50000,5,51,45,42,20,33
516,hdshoots,50000,5,51,16,13,5,8
516,hdshoots,50000,5,51,26,23,53,29
516,hdshoots,50000,5,51,36,33,25,25
516,hdshoots,50000,5,51,46,43,8,6
517,hdshoots,50,5,51,14,11,0,0
517,hdshoots,50,5,51,24,21,0,0
517,hdshoots,50,5,51,34,31,0,0
517,hdshoots,50,5,51,44,41,0,1
517,hdshoots,50,5,51,15,12,0,0
517,hdshoots,50,5,51,25,22,0,0
517,hdshoots,50,5,51,35,32,0,0
517,hdshoots,50,5,51,45,42,0,0
517,hdshoots,50,5,51,16,13,0,0
517,hdshoots,50,5,51,26,23,0,0
517,hdshoots,50,5,51,36,33,0,0
517,hdshoots,50,5,51,46,43,0,0
521,ldr,50000,5,52,14,11,33,20
521,ldr,50000,5,52,24,21,69,23
521,ldr,50000,5,52,34,31,56,8
521,ldr,50000,5,52,44,41,44,19
521,ldr,50000,5,52,15,12,27,32
521,ldr,50000,5,52,25,22,138,41
521,ldr,50000,5,52,35,32,83,14
521,ldr,50000,5,52,45,42,11,4
521,ldr,50000,5,52,16,13,8,7
521,ldr,50000,5,52,26,23,87,17
521,ldr,50000,5,52,36,33,70,6
521,ldr,50000,5,52,46,43,17,2
522,ldr,5000,5,52,14,11,3,0
522,ldr,5000,5,52,24,21,8,2
522,ldr,5000,5,52,34,31,0,2
522,ldr,5000,5,52,44,41,6,3
522,ldr,5000,5,52,15,12,7,0
522,ldr,5000,5,52,25,22,7,4
522,ldr,5000,5,52,35,32,1,0
522,ldr,5000,5,52,45,42,3,0
522,ldr,5000,5,52,16,13,3,2
522,ldr,5000,5,52,26,23,10,2
522,ldr,5000,5,52,36,33,4,0
522,ldr,5000,5,52,46,43,0,0
523,ldr,50,5,52,14,11,0,0
523,ldr,50,5,52,24,21,0,0
523,ldr,50,5,52,34,31,0,0
523,ldr,50,5,52,44,41,0,0
523,ldr,50,5,52,15,12,0,0
523,ldr,50,5,52,25,22,0,0
523,ldr,50,5,52,35,32,0,0
523,ldr,50,5,52,45,42,1,0
523,ldr,50,5,52,16,13,0,0
523,ldr,50,5,52,26,23,1,0
523,ldr,50,5,52,36,33,0,0
523,ldr,50,5,52,46,43,0,0
525,ldr,500,5,52,14,11,0,0
525,ldr,500,5,52,24,21,0,0
525,ldr,500,5,52,34,31,0,4
525,ldr,500,5,52,44,41,3,1
525,ldr,500,5,52,15,12,0,0
525,ldr,500,5,52,25,22,0,2
525,ldr,500,5,52,35,32,0,4
525,ldr,500,5,52,45,42,0,2
525,ldr,500,5,52,16,13,0,0
525,ldr,500,5,52,26,23,0,0
525,ldr,500,5,52,36,33,0,2
525,ldr,500,5,52,46,43,0,0
532,hdr,5000,5,53,14,11,3,4
532,hdr,5000,5,53,24,21,0,11
532,hdr,5000,5,53,34,31,3,13
532,hdr,5000,5,53,44,41,5,27
532,hdr,5000,5,53,15,12,7,9
532,hdr,5000,5,53,25,22,3,17
532,hdr,5000,5,53,35,32,2,11
532,hdr,5000,5,53,45,42,6,24
532,hdr,5000,5,53,16,13,6,5
532,hdr,5000,5,53,26,23,0,3
532,hdr,5000,5,53,36,33,7,6
532,hdr,5000,5,53,46,43,11,16
536,hdr,500,5,53,14,11,6,1
536,hdr,500,5,53,24,21,0,0
536,hdr,500,5,53,34,31,0,0
536,hdr,500,5,53,44,41,0,1
536,hdr,500,5,53,15,12,1,1
536,hdr,500,5,53,25,22,0,1
536,hdr,500,5,53,35,32,0,0
536,hdr,500,5,53,45,42,0,0
536,hdr,500,5,53,16,13,0,1
536,hdr,500,5,53,26,23,0,0
536,hdr,500,5,53,36,33,2,0
536,hdr,500,5,53,46,43,0,0
537,hdr,50,5,53,14,11,0,0
537,hdr,50,5,53,24,21,0,0
537,hdr,50,5,53,34,31,0,0
537,hdr,50,5,53,44,41,0,0
537,hdr,50,5,53,15,12,1,1
537,hdr,50,5,53,25,22,0,0
537,hdr,50,5,53,35,32,0,0
537,hdr,50,5,53,45,42,0,0
537,hdr,50,5,53,16,13,0,0
537,hdr,50,5,53,26,23,0,0
537,hdr,50,5,53,36,33,0,0
537,hdr,50,5,53,46,43,0,0
539,hdr,50000,5,53,14,11,23,32
539,hdr,50000,5,53,24,21,97,37
539,hdr,50000,5,53,34,31,70,17
539,hdr,50000,5,53,44,41,62,34
539,hdr,50000,5,53,15,12,74,35
539,hdr,50000,5,53,25,22,67,33
539,hdr,50000,5,53,35,32,46,13
539,hdr,50000,5,53,45,42,31,34
539,hdr,50000,5,53,16,13,6,18
539,hdr,50000,5,53,26,23,3,4
539,hdr,50000,5,53,36,33,16,14
539,hdr,50000,5,53,46,43,19,7
541,ldshoots,50000,5,54,14,11,43,23
541,ldshoots,50000,5,54,24,21,39,36
541,ldshoots,50000,5,54,34,31,44,34
541,ldshoots,50000,5,54,44,41,7,16
541,ldshoots,50000,5,54,15,12,25,10
541,ldshoots,50000,5,54,25,22,36,34
541,ldshoots,50000,5,54,35,32,47,47
541,ldshoots,50000,5,54,45,42,22,18
541,ldshoots,50000,5,54,16,13,4,9
541,ldshoots,50000,5,54,26,23,18,17
541,ldshoots,50000,5,54,36,33,69,48
541,ldshoots,50000,5,54,46,43,4,18
545,ldshoots,500,5,54,14,11,0,1
545,ldshoots,500,5,54,24,21,0,0
545,ldshoots,500,5,54,34,31,1,0
545,ldshoots,500,5,54,44,41,0,0
545,ldshoots,500,5,54,15,12,0,1
545,ldshoots,500,5,54,25,22,0,0
545,ldshoots,500,5,54,35,32,0,0
545,ldshoots,500,5,54,45,42,0,0
545,ldshoots,500,5,54,16,13,0,0
545,ldshoots,500,5,54,26,23,0,0
545,ldshoots,500,5,54,36,33,1,0
545,ldshoots,500,5,54,46,43,0,0
547,ldshoots,50,5,54,11,11,0,0
547,ldshoots,50,5,54,21,21,0,0
547,ldshoots,50,5,54,31,31,0,0
547,ldshoots,50,5,54,41,41,1,0
547,ldshoots,50,5,54,12,12,0,1
547,ldshoots,50,5,54,22,22,0,0
547,ldshoots,50,5,54,32,32,0,0
547,ldshoots,50,5,54,42,42,0,0
547,ldshoots,50,5,54,13,13,0,0
547,ldshoots,50,5,54,23,23,0,0
547,ldshoots,50,5,54,33,33,0,0
547,ldshoots,50,5,54,43,43,0,0
549,ldshoots,5000,5,54,14,11,7,2
549,ldshoots,5000,5,54,24,21,8,6
549,ldshoots,5000,5,54,34,31,0,2
549,ldshoots,5000,5,54,44,41,1,1
549,ldshoots,5000,5,54,15,12,25,8
549,ldshoots,5000,5,54,25,22,5,1
549,ldshoots,5000,5,54,35,32,2,0
549,ldshoots,5000,5,54,45,42,0,1
549,ldshoots,5000,5,54,16,13,2,5
549,ldshoots,5000,5,54,26,23,4,2
549,ldshoots,5000,5,54,36,33,4,1
549,ldshoots,5000,5,54,46,43,0,0
552,bare,5000,5,55,11,11,4,2
552,bare,5000,5,55,21,21,2,3
552,bare,5000,5,55,31,31,7,5
552,bare,5000,5,55,41,41,2,1
552,bare,5000,5,55,12,12,7,0
552,bare,5000,5,55,22,22,2,2
552,bare,5000,5,55,32,32,9,2
552,bare,5000,5,55,42,42,3,0
552,bare,5000,5,55,13,13,4,4
552,bare,5000,5,55,23,23,0,2
552,bare,5000,5,55,33,33,6,1
552,bare,5000,5,55,43,43,2,1
553,bare,50000,5,55,14,11,36,6
553,bare,50000,5,55,24,21,96,49
553,bare,50000,5,55,34,31,70,37
553,bare,50000,5,55,44,41,57,14
553,bare,50000,5,55,15,12,30,13
553,bare,50000,5,55,25,22,91,51
553,bare,50000,5,55,35,32,31,13
553,bare,50000,5,55,45,42,24,9
553,bare,50000,5,55,16,13,6,2
553,bare,50000,5,55,26,23,14,1
553,bare,50000,5,55,36,33,51,4
553,bare,50000,5,55,46,43,10,0
557,bare,500,5,55,11,11,0,0
557,bare,500,5,55,21,21,1,0
557,bare,500,5,55,31,31,1,1
557,bare,500,5,55,41,41,1,0
557,bare,500,5,55,12,12,1,0
557,bare,500,5,55,22,22,0,0
557,bare,500,5,55,32,32,0,0
557,bare,500,5,55,42,42,0,1
557,bare,500,5,55,13,13,1,0
557,bare,500,5,55,23,23,0,0
557,bare,500,5,55,33,33,0,0
557,bare,500,5,55,43,43,0,1
558,bare,50,5,55,11,11,0,0
558,bare,50,5,55,21,21,0,1
558,bare,50,5,55,31,31,1,1
558,bare,50,5,55,41,41,0,0
558,bare,50,5,55,12,12,0,0
558,bare,50,5,55,22,22,0,0
558,bare,50,5,55,32,32,0,0
558,bare,50,5,55,42,42,0,0
558,bare,50,5,55,13,13,0,0
558,bare,50,5,55,23,23,0,0
558,bare,50,5,55,33,33,0,0
558,bare,50,5,55,43,43,0,0
111,ldr,50,1,11,11,11,0,2
111,ldr,50,1,11,21,21,0,0
111,ldr,50,1,11,31,31,0,0
111,ldr,50,1,11,41,41,0,0
111,ldr,50,1,11,12,12,1,0
111,ldr,50,1,11,22,22,0,0
111,ldr,50,1,11,32,32,0,0
111,ldr,50,1,11,42,42,0,0
111,ldr,50,1,11,13,13,0,0
111,ldr,50,1,11,23,23,0,0
111,ldr,50,1,11,33,33,0,0
111,ldr,50,1,11,43,43,0,0
112,ldr,500,1,11,14,11,0,0
112,ldr,500,1,11,24,21,0,0
112,ldr,500,1,11,34,31,0,0
112,ldr,500,1,11,44,41,1,1
112,ldr,500,1,11,15,12,0,1
112,ldr,500,1,11,25,22,0,0
112,ldr,500,1,11,35,32,0,0
112,ldr,500,1,11,45,42,0,3
112,ldr,500,1,11,16,13,1,1
112,ldr,500,1,11,26,23,0,0
112,ldr,500,1,11,36,33,0,1
112,ldr,500,1,11,46,43,0,1
116,ldr,5000,1,11,14,11,3,6
116,ldr,5000,1,11,24,21,3,2
116,ldr,5000,1,11,34,31,1,1
116,ldr,5000,1,11,44,41,1,10
116,ldr,5000,1,11,15,12,0,2
116,ldr,5000,1,11,25,22,5,5
116,ldr,5000,1,11,35,32,7,1
116,ldr,5000,1,11,45,42,0,5
116,ldr,5000,1,11,16,13,2,5
116,ldr,5000,1,11,26,23,5,10
116,ldr,5000,1,11,36,33,0,5
116,ldr,5000,1,11,46,43,1,2
117,ldr,50000,1,11,14,11,21,40
117,ldr,50000,1,11,24,21,143,29
117,ldr,50000,1,11,34,31,62,26
117,ldr,50000,1,11,44,41,29,13
117,ldr,50000,1,11,15,12,25,15
117,ldr,50000,1,11,25,22,78,37
117,ldr,50000,1,11,35,32,34,8
117,ldr,50000,1,11,45,42,27,13
117,ldr,50000,1,11,16,13,9,10
117,ldr,50000,1,11,26,23,35,26
117,ldr,50000,1,11,36,33,26,20
117,ldr,50000,1,11,46,43,24,7
122,bare,5000,1,12,14,11,5,1
122,bare,5000,1,12,24,21,4,1
122,bare,5000,1,12,34,31,1,0
122,bare,5000,1,12,44,41,3,2
122,bare,5000,1,12,15,12,2,1
122,bare,5000,1,12,25,22,6,4
122,bare,5000,1,12,35,32,1,1
122,bare,5000,1,12,45,42,5,2
122,bare,5000,1,12,16,13,0,0
122,bare,5000,1,12,26,23,4,3
122,bare,5000,1,12,36,33,1,0
122,bare,5000,1,12,46,43,1,0
123,bare,500,1,12,11,11,0,0
123,bare,500,1,12,21,21,1,1
123,bare,500,1,12,31,31,0,0
123,bare,500,1,12,41,41,0,2
123,bare,500,1,12,12,12,0,0
123,bare,500,1,12,22,22,0,0
123,bare,500,1,12,32,32,1,1
123,bare,500,1,12,42,42,2,1
123,bare,500,1,12,13,13,1,0
123,bare,500,1,12,23,23,0,0
123,bare,500,1,12,33,33,0,0
123,bare,500,1,12,43,43,0,1
124,bare,50,1,12,14,11,0,0
124,bare,50,1,12,24,21,0,0
124,bare,50,1,12,34,31,0,0
124,bare,50,1,12,44,41,0,0
124,bare,50,1,12,15,12,0,0
124,bare,50,1,12,25,22,0,0
124,bare,50,1,12,35,32,0,0
124,bare,50,1,12,45,42,0,0
124,bare,50,1,12,16,13,0,0
124,bare,50,1,12,26,23,0,0
124,bare,50,1,12,36,33,0,0
124,bare,50,1,12,46,43,1,0
128,bare,50000,1,12,14,11,25,4
128,bare,50000,1,12,24,21,33,2
128,bare,50000,1,12,34,31,74,29
128,bare,50000,1,12,44,41,41,18
128,bare,50000,1,12,15,12,25,10
128,bare,50000,1,12,25,22,39,8
128,bare,50000,1,12,35,32,40,2
128,bare,50000,1,12,45,42,11,1
128,bare,50000,1,12,16,13,11,5
128,bare,50000,1,12,26,23,17,4
128,bare,50000,1,12,36,33,24,13
128,bare,50000,1,12,46,43,11,8
131,ldshoots,50000,1,13,14,11,24,28
131,ldshoots,50000,1,13,24,21,61,55
131,ldshoots,50000,1,13,34,31,29,57
131,ldshoots,50000,1,13,44,41,2,9
131,ldshoots,50000,1,13,15,12,20,15
131,ldshoots,50000,1,13,25,22,55,41
131,ldshoots,50000,1,13,35,32,38,18
131,ldshoots,50000,1,13,45,42,2,23
131,ldshoots,50000,1,13,16,13,47,38
131,ldshoots,50000,1,13,26,23,21,11
131,ldshoots,50000,1,13,36,33,52,39
131,ldshoots,50000,1,13,46,43,6,14
136,ldshoots,50,1,13,11,11,0,0
136,ldshoots,50,1,13,21,21,0,0
136,ldshoots,50,1,13,31,31,0,0
136,ldshoots,50,1,13,41,41,0,0
136,ldshoots,50,1,13,12,12,0,0
136,ldshoots,50,1,13,22,22,0,0
136,ldshoots,50,1,13,32,32,0,0
136,ldshoots,50,1,13,42,42,0,0
136,ldshoots,50,1,13,13,13,0,0
136,ldshoots,50,1,13,23,23,0,0
136,ldshoots,50,1,13,33,33,0,0
136,ldshoots,50,1,13,43,43,0,0
137,ldshoots,500,1,13,14,11,0,0
137,ldshoots,500,1,13,24,21,0,0
137,ldshoots,500,1,13,34,31,1,1
137,ldshoots,500,1,13,44,41,0,0
137,ldshoots,500,1,13,15,12,0,2
137,ldshoots,500,1,13,25,22,0,1
137,ldshoots,500,1,13,35,32,0,0
137,ldshoots,500,1,13,45,42,0,0
137,ldshoots,500,1,13,16,13,0,0
137,ldshoots,500,1,13,26,23,0,0
137,ldshoots,500,1,13,36,33,0,0
137,ldshoots,500,1,13,46,43,0,0
138,ldshoots,5000,1,13,14,11,0,1
138,ldshoots,5000,1,13,24,21,0,5
138,ldshoots,5000,1,13,34,31,0,1
138,ldshoots,5000,1,13,44,41,0,1
138,ldshoots,5000,1,13,15,12,0,2
138,ldshoots,5000,1,13,25,22,0,0
138,ldshoots,5000,1,13,35,32,0,3
138,ldshoots,5000,1,13,45,42,0,1
138,ldshoots,5000,1,13,16,13,0,3
138,ldshoots,5000,1,13,26,23,0,1
138,ldshoots,5000,1,13,36,33,0,2
138,ldshoots,5000,1,13,46,43,0,1
141,hdr,500,1,14,14,11,0,0
141,hdr,500,1,14,24,21,0,0
141,hdr,500,1,14,34,31,0,0
141,hdr,500,1,14,44,41,0,0
141,hdr,500,1,14,15,12,0,0
141,hdr,500,1,14,25,22,0,0
141,hdr,500,1,14,35,32,0,0
141,hdr,500,1,14,45,42,0,0
141,hdr,500,1,14,16,13,0,0
141,hdr,500,1,14,26,23,0,1
141,hdr,500,1,14,36,33,0,0
141,hdr,500,1,14,46,43,0,0
145,hdr,50000,1,14,14,11,38,25
145,hdr,50000,1,14,24,21,21,23
145,hdr,50000,1,14,34,31,58,81
145,hdr,50000,1,14,44,41,63,82
145,hdr,50000,1,14,15,12,56,66
145,hdr,50000,1,14,25,22,42,74
145,hdr,50000,1,14,35,32,65,70
145,hdr,50000,1,14,45,42,61,70
145,hdr,50000,1,14,16,13,13,38
145,hdr,50000,1,14,26,23,17,27
145,hdr,50000,1,14,36,33,26,21
145,hdr,50000,1,14,46,43,11,6
146,hdr,5000,1,14,14,11,1,11
146,hdr,5000,1,14,24,21,0,5
146,hdr,5000,1,14,34,31,0,6
146,hdr,5000,1,14,44,41,7,11
146,hdr,5000,1,14,15,12,1,23
146,hdr,5000,1,14,25,22,3,8
146,hdr,5000,1,14,35,32,0,2
146,hdr,5000,1,14,45,42,2,13
146,hdr,5000,1,14,16,13,0,5
146,hdr,5000,1,14,26,23,0,0
146,hdr,5000,1,14,36,33,0,2
146,hdr,5000,1,14,46,43,0,7
149,hdr,50,1,14,11,11,0,0
149,hdr,50,1,14,21,21,0,0
149,hdr,50,1,14,31,31,0,0
149,hdr,50,1,14,41,41,0,1
149,hdr,50,1,14,12,12,0,0
149,hdr,50,1,14,22,22,0,0
149,hdr,50,1,14,32,32,0,0
149,hdr,50,1,14,42,42,0,0
149,hdr,50,1,14,13,13,0,0
149,hdr,50,1,14,23,23,0,0
149,hdr,50,1,14,33,33,0,0
149,hdr,50,1,14,43,43,0,0
152,hdshoots,50,1,15,14,11,0,1
152,hdshoots,50,1,15,24,21,1,0
152,hdshoots,50,1,15,34,31,0,0
152,hdshoots,50,1,15,44,41,0,0
152,hdshoots,50,1,15,15,12,0,0
152,hdshoots,50,1,15,25,22,0,0
152,hdshoots,50,1,15,35,32,0,0
152,hdshoots,50,1,15,45,42,0,0
152,hdshoots,50,1,15,16,13,0,0
152,hdshoots,50,1,15,26,23,0,0
152,hdshoots,50,1,15,36,33,0,0
152,hdshoots,50,1,15,46,43,0,0
153,hdshoots,50000,1,15,14,11,17,71
153,hdshoots,50000,1,15,24,21,19,36
153,hdshoots,50000,1,15,34,31,25,33
153,hdshoots,50000,1,15,44,41,8,27
153,hdshoots,50000,1,15,15,12,22,57
153,hdshoots,50000,1,15,25,22,27,47
153,hdshoots,50000,1,15,35,32,17,31
153,hdshoots,50000,1,15,45,42,14,29
153,hdshoots,50000,1,15,16,13,4,39
153,hdshoots,50000,1,15,26,23,1,7
153,hdshoots,50000,1,15,36,33,2,5
153,hdshoots,50000,1,15,46,43,6,19
154,hdshoots,500,1,15,14,11,0,0
154,hdshoots,500,1,15,24,21,0,0
154,hdshoots,500,1,15,34,31,0,0
154,hdshoots,500,1,15,44,41,0,0
154,hdshoots,500,1,15,15,12,0,1
154,hdshoots,500,1,15,25,22,0,1
154,hdshoots,500,1,15,35,32,0,0
154,hdshoots,500,1,15,45,42,0,0
154,hdshoots,500,1,15,16,13,0,1
154,hdshoots,500,1,15,26,23,0,0
154,hdshoots,500,1,15,36,33,0,0
154,hdshoots,500,1,15,46,43,0,0
155,hdshoots,5000,1,15,14,11,1,4
155,hdshoots,5000,1,15,24,21,0,10
155,hdshoots,5000,1,15,34,31,0,10
155,hdshoots,5000,1,15,44,41,0,7
155,hdshoots,5000,1,15,15,12,0,2
155,hdshoots,5000,1,15,25,22,0,8
155,hdshoots,5000,1,15,35,32,2,6
155,hdshoots,5000,1,15,45,42,5,7
155,hdshoots,5000,1,15,16,13,4,6
155,hdshoots,5000,1,15,26,23,0,3
155,hdshoots,5000,1,15,36,33,0,3
155,hdshoots,5000,1,15,46,43,0,1