quadrat,cc,density,block,strip,square_original,side,square,x,y,n_cohort1_t1,n_cohort1_t2,n_cohort2_t2,n_cohort1_t3,n_cohort2_t3,n_cohort3_t3,n_cohort1_t4,n_cohort2_t4,n_cohort3_t4,n_cohort4_t4,n_cohort1_t5,n_cohort2_t5,n_cohort3_t5,n_cohort4_t5,n_cohort5_t5
212,hdshoots,50,2,21,14,east,11,1,1,0,0,0,0,0,0,0,0,0,0,0,0,0,0,0
212,hdshoots,50,2,21,24,east,21,2,1,0,0,0,0,0,0,0,0,0,0,0,0,0,0,0
212,hdshoots,50,2,21,34,east,31,3,1,0,0,0,0,0,0,0,0,0,0,0,0,0,0,0
212,hdshoots,50,2,21,44,east,41,4,1,0,0,0,0,0,0,0,0,0,0,0,0,0,0,0
212,hdshoots,50,2,21,15,east,12,1,2,0,0,0,0,0,0,0,0,0,0,0,0,0,0,0
212,hdshoots,50,2,21,25,east,22,2,2,0,0,0,0,0,0,0,0,0,0,0,0,0,0,0
212,hdshoots,50,2,21,35,east,32,3,2,0,0,0,0,0,0,0,0,0,0,0,0,0,0,0
212,hdshoots,50,2,21,45,east,42,4,2,0,0,0,0,0,0,0,0,0,0,0,0,0,0,0
212,hdshoots,50,2,21,16,east,13,1,3,0,0,0,0,0,0,0,0,0,0,0,0,0,0,0
212,hdshoots,50,2,21,26,east,23,2,3,0,0,0,0,0,0,0,0,0,0,0,0,0,0,0
212,hdshoots,50,2,21,36,east,33,3,3,0,0,0,0,0,0,0,0,0,0,0,0,0,0,0
212,hdshoots,50,2,21,46,east,43,4,3,0,0,0,0,0,0,0,0,0,0,0,0,0,0,0
213,hdshoots,50000,2,21,14,east,11,1,1,38,36,2,36,2,0,29,2,0,17,25,0,0,9,9
213,hdshoots,50000,2,21,24,east,21,2,1,80,67,8,44,5,0,31,5,0,36,16,4,0,20,12
213,hdshoots,50000,2,21,34,east,31,3,1,9,8,20,8,20,0,4,10,0,10,0,1,0,0,0
213,hdshoots,50000,2,21,44,east,41,4,1,10,10,9,10,9,0,4,6,0,12,0,0,0,3,0
213,hdshoots,50000,2,21,15,east,12,1,2,46,42,6,42,6,0,24,4,0,5,9,3,0,2,6
213,hdshoots,50000,2,21,25,east,22,2,2,11,10,12,6,12,0,4,8,0,18,1,4,0,8,7
213,hdshoots,50000,2,21,35,east,32,3,2,20,14,9,14,9,0,11,9,0,27,4,2,0,9,1
213,hdshoots,50000,2,21,45,east,42,4,2,4,3,5,3,5,0,3,3,0,6,1,0,0,0,0
213,hdshoots,50000,2,21,16,east,13,1,3,14,14,23,14,23,0,13,19,0,28,4,4,0,13,11
213,hdshoots,50000,2,21,26,east,23,2,3,9,8,13,8,9,21,8,9,21,1,2,3,6,0,11
213,hdshoots,50000,2,21,36,east,33,3,3,11,4,14,4,14,0,4,14,0,31,2,3,0,8,2
213,hdshoots,50000,2,21,46,east,43,4,3,0,0,1,0,1,0,0,1,0,5,0,0,0,0,0
217,hdshoots,500,2,21,14,east,11,1,1,0,0,0,0,0,0,0,0,0,0,0,0,0,0,0
217,hdshoots,500,2,21,24,east,21,2,1,0,0,0,0,0,0,0,0,0,0,0,0,0,0,0
217,hdshoots,500,2,21,34,east,31,3,1,1,1,0,1,0,0,1,0,0,0,0,0,0,0,0
217,hdshoots,500,2,21,44,east,41,4,1,0,0,0,0,0,0,0,0,0,0,0,0,0,0,0
217,hdshoots,500,2,21,15,east,12,1,2,0,0,0,0,0,0,0,0,0,0,0,0,0,0,0
217,hdshoots,500,2,21,25,east,22,2,2,0,0,0,0,0,0,0,0,0,0,0,0,0,0,0
217,hdshoots,500,2,21,35,east,32,3,2,0,0,0,0,0,0,0,0,0,0,0,0,0,0,0
217,hdshoots,500,2,21,45,east,42,4,2,0,0,0,0,0,0,0,0,0,0,0,0,0,0,0
217,hdshoots,500,2,21,16,east,13,1,3,0,0,0,0,0,0,0,0,0,0,0,0,0,0,0
217,hdshoots,500,2,21,26,east,23,2,3,0,0,0,0,0,0,0,0,0,0,0,0,0,0,0
217,hdshoots,500,2,21,36,east,33,3,3,0,0,0,0,0,0,0,0,0,0,0,0,0,0,0
217,hdshoots,500,2,21,46,east,43,4,3,0,0,0,0,0,0,0,0,0,0,0,0,0,0,0
218,hdshoots,5000,2,21,14,east,11,1,1,0,0,0,0,0,0,0,0,0,0,0,0,0,0,0
218,hdshoots,5000,2,21,24,east,21,2,1,2,0,0,0,0,3,0,0,3,2,0,0,2,0,0
218,hdshoots,5000,2,21,34,east,31,3,1,0,0,0,0,0,0,0,0,0,2,0,0,0,0,0
218,hdshoots,5000,2,21,44,east,41,4,1,0,0,0,0,0,0,0,0,0,2,0,0,0,2,0
218,hdshoots,5000,2,21,15,east,12,1,2,-1,1,0,0,0,0,0,0,0,1,0,0,0,1,1
218,hdshoots,5000,2,21,25,east,22,2,2,1,1,0,1,0,0,1,0,0,5,0,0,0,0,1
218,hdshoots,5000,2,21,35,east,32,3,2,3,0,1,0,1,0,0,1,0,2,0,0,0,1,0
218,hdshoots,5000,2,21,45,east,42,4,2,0,0,0,0,0,0,0,0,0,3,0,0,0,0,0
218,hdshoots,5000,2,21,16,east,13,1,3,0,0,0,0,0,2,0,0,1,2,0,0,0,0,0
218,hdshoots,5000,2,21,26,east,23,2,3,1,1,0,1,0,0,1,0,0,0,0,0,0,0,0
218,hdshoots,5000,2,21,36,east,33,3,3,1,0,0,0,0,0,0,0,0,5,0,0,0,2,0
218,hdshoots,5000,2,21,46,east,43,4,3,0,0,1,0,1,0,0,1,0,1,0,0,0,0,0
221,ldshoots,50,2,22,14,east,11,1,1,0,0,0,0,0,0,0,0,0,0,0,0,0,0,0
221,ldshoots,50,2,22,24,east,21,2,1,0,0,0,0,0,0,0,0,0,0,0,0,0,0,0
221,ldshoots,50,2,22,34,east,31,3,1,0,0,0,0,0,0,0,0,0,0,0,0,0,0,0
221,ldshoots,50,2,22,44,east,41,4,1,0,0,0,0,0,0,0,0,0,0,0,0,0,0,0
221,ldshoots,50,2,22,15,east,12,1,2,0,0,0,0,0,0,0,0,0,0,0,0,0,0,0
221,ldshoots,50,2,22,25,east,22,2,2,0,0,0,0,0,0,0,0,0,0,0,0,0,0,0
221,ldshoots,50,2,22,35,east,32,3,2,0,0,0,0,0,0,0,0,0,0,0,0,0,0,0
221,ldshoots,50,2,22,45,east,42,4,2,0,0,0,0,0,0,0,0,0,0,0,0,0,0,0
221,ldshoots,50,2,22,16,east,13,1,3,0,0,0,0,0,0,0,0,0,0,0,0,0,0,0
221,ldshoots,50,2,22,26,east,23,2,3,1,0,0,0,0,0,0,0,0,0,0,0,0,0,0
221,ldshoots,50,2,22,36,east,33,3,3,0,0,0,0,0,0,0,0,0,0,0,0,0,0,0
221,ldshoots,50,2,22,46,east,43,4,3,0,0,0,0,0,0,0,0,0,0,0,0,0,0,0
223,ldshoots,50000,2,22,14,east,11,1,1,32,32,2,32,2,0,10,2,0,19,1,0,0,3,0
223,ldshoots,50000,2,22,24,east,21,2,1,68,64,18,40,18,6,5,1,1,15,0,0,1,4,0
223,ldshoots,50000,2,22,34,east,31,3,1,23,23,16,23,16,0,5,0,0,10,1,0,0,0,0
223,ldshoots,50000,2,22,44,east,41,4,1,35,35,2,29,2,1,16,2,1,7,0,0,0,0,0
223,ldshoots,50000,2,22,15,east,12,1,2,24,24,16,24,16,0,8,2,0,15,1,0,0,1,0
223,ldshoots,50000,2,22,25,east,22,2,2,15,15,26,5,13,2,2,7,2,48,1,0,2,5,1
223,ldshoots,50000,2,22,35,east,32,3,2,41,41,5,41,5,0,13,5,0,23,0,0,0,1,0
223,ldshoots,50000,2,22,45,east,42,4,2,1,1,1,1,0,8,0,0,7,12,0,0,0,0,1
223,ldshoots,50000,2,22,16,east,13,1,3,12,7,0,7,0,0,2,0,0,5,0,0,0,0,0
223,ldshoots,50000,2,22,26,east,23,2,3,22,22,1,5,0,0,4,0,0,13,0,0,0,4,0
223,ldshoots,50000,2,22,36,east,33,3,3,5,5,4,5,4,0,3,0,0,9,1,0,0,0,0
223,ldshoots,50000,2,22,46,east,43,4,3,0,0,0,0,0,8,0,0,3,8,0,0,0,1,0
224,ldshoots,500,2,22,11,west,11,1,1,0,0,0,0,0,0,0,0,0,0,0,0,0,0,0
224,ldshoots,500,2,22,21,west,21,2,1,0,0,0,0,0,0,0,0,0,1,0,0,0,0,0
224,ldshoots,500,2,22,31,west,31,3,1,0,0,0,0,0,1,0,0,1,0,0,0,0,0,0
224,ldshoots,500,2,22,41,west,41,4,1,0,0,0,0,0,0,0,0,0,0,0,0,0,0,0
224,ldshoots,500,2,22,12,west,12,1,2,0,0,0,0,0,0,0,0,0,0,0,0,0,0,0
224,ldshoots,500,2,22,22,west,22,2,2,0,0,0,0,0,0,0,0,0,0,0,0,0,0,0
224,ldshoots,500,2,22,32,west,32,3,2,0,0,0,0,0,0,0,0,0,0,0,0,0,0,0
224,ldshoots,500,2,22,42,west,42,4,2,0,0,0,0,0,0,0,0,0,0,0,0,0,0,0
224,ldshoots,500,2,22,13,west,13,1,3,0,0,0,0,0,0,0,0,0,1,0,0,0,0,0
224,ldshoots,500,2,22,23,west,23,2,3,0,0,0,0,0,0,0,0,0,0,0,0,0,0,0
224,ldshoots,500,2,22,33,west,33,3,3,1,0,0,0,0,0,0,0,0,0,0,0,0,0,0
224,ldshoots,500,2,22,43,west,43,4,3,0,0,0,0,0,0,0,0,0,0,0,0,0,0,0
227,ldshoots,5000,2,22,14,east,11,1,1,0,0,1,0,1,0,0,0,0,0,0,0,0,0,1
227,ldshoots,5000,2,22,24,east,21,2,1,0,0,2,0,2,0,0,0,0,1,0,0,0,1,0
227,ldshoots,5000,2,22,34,east,31,3,1,0,0,0,0,0,0,0,0,0,3,0,0,0,0,0
227,ldshoots,5000,2,22,44,east,41,4,1,0,0,1,0,1,0,0,0,0,4,0,0,0,0,0
227,ldshoots,5000,2,22,15,east,12,1,2,2,1,0,0,0,3,0,0,3,0,0,0,0,0,0
227,ldshoots,5000,2,22,25,east,22,2,2,1,1,1,1,1,0,0,0,0,0,0,0,0,0,0
227,ldshoots,5000,2,22,35,east,32,3,2,1,1,3,1,1,1,0,1,1,0,0,0,0,0,1
227,ldshoots,5000,2,22,45,east,42,4,2,0,0,3,0,0,2,0,0,2,4,0,0,0,0,0
227,ldshoots,5000,2,22,16,east,13,1,3,1,1,1,1,0,0,1,0,0,1,0,0,0,0,0
227,ldshoots,5000,2,22,26,east,23,2,3,1,1,2,1,2,0,0,0,0,0,0,0,0,0,0
227,ldshoots,5000,2,22,36,east,33,3,3,0,0,0,0,0,0,0,0,0,1,0,0,0,0,0
227,ldshoots,5000,2,22,46,east,43,4,3,0,0,0,0,0,0,0,0,0,2,0,0,0,0,0
231,bare,50000,2,23,14,east,11,1,1,20,20,5,5,0,5,4,0,2,0,0,0,1,0,0
231,bare,50000,2,23,24,east,21,2,1,34,33,30,17,5,13,9,5,8,5,9,5,5,3,0
231,bare,50000,2,23,34,east,31,3,1,34,33,11,13,1,4,8,1,3,8,5,0,2,5,3
231,bare,50000,2,23,44,east,41,4,1,24,24,4,12,2,5,5,2,2,6,2,2,2,4,2
231,bare,50000,2,23,15,east,12,1,2,15,15,2,12,0,2,6,0,2,0,1,0,2,0,0
231,bare,50000,2,23,25,east,22,2,2,64,64,29,40,10,5,16,5,1,9,3,1,0,6,14
231,bare,50000,2,23,35,east,32,3,2,13,13,19,4,2,3,3,1,3,1,0,1,2,1,3
231,bare,50000,2,23,45,east,42,4,2,18,18,23,12,9,4,6,7,0,4,5,1,0,3,14
231,bare,50000,2,23,16,east,13,1,3,37,37,2,15,0,1,10,0,1,6,4,0,0,1,10
231,bare,50000,2,23,26,east,23,2,3,75,75,0,27,0,0,16,0,0,6,9,0,0,5,10
231,bare,50000,2,23,36,east,33,3,3,28,28,15,15,2,2,4,0,1,5,0,0,0,3,1
231,bare,50000,2,23,46,east,43,4,3,32,32,16,7,4,1,3,2,0,1,0,0,0,1,2
235,bare,500,2,23,14,east,11,1,1,0,0,1,0,0,0,0,0,0,0,0,0,0,0,0
235,bare,500,2,23,24,east,21,2,1,0,0,1,0,0,0,0,0,0,0,0,0,0,0,0
235,bare,500,2,23,34,east,31,3,1,0,0,0,0,0,0,0,0,0,0,0,0,0,0,0
235,bare,500,2,23,44,east,41,4,1,0,0,0,0,0,1,0,0,1,0,0,0,0,0,0
235,bare,500,2,23,15,east,12,1,2,0,0,0,0,0,0,0,0,0,0,0,0,0,0,0
235,bare,500,2,23,25,east,22,2,2,1,1,0,0,0,0,0,0,0,0,0,0,0,0,0
235,bare,500,2,23,35,east,32,3,2,0,0,1,0,0,0,0,0,0,0,0,0,0,0,0
235,bare,500,2,23,45,east,42,4,2,0,0,0,0,0,0,0,0,0,0,0,0,0,0,0
235,bare,500,2,23,16,east,13,1,3,1,1,0,0,0,0,0,0,0,0,0,0,0,0,0
235,bare,500,2,23,26,east,23,2,3,0,0,0,0,0,0,0,0,0,0,0,0,0,0,0
235,bare,500,2,23,36,east,33,3,3,0,0,0,0,0,1,0,0,0,0,0,0,0,0,1
235,bare,500,2,23,46,east,43,4,3,0,0,0,0,0,0,0,0,0,0,0,0,0,0,0
237,bare,5000,2,23,14,east,11,1,1,0,0,0,0,0,0,0,0,0,0,0,0,0,0,1
237,bare,5000,2,23,24,east,21,2,1,0,0,5,0,0,2,0,0,2,0,0,0,0,0,0
237,bare,5000,2,23,34,east,31,3,1,2,2,1,0,1,2,0,1,2,1,0,0,0,0,0
237,bare,5000,2,23,44,east,41,4,1,10,8,0,0,0,0,0,0,0,0,0,0,0,0,0
237,bare,5000,2,23,15,east,12,1,2,0,0,1,0,0,2,0,0,2,0,0,0,2,0,0
237,bare,5000,2,23,25,east,22,2,2,0,0,2,0,2,2,0,1,2,0,0,0,2,0,0
237,bare,5000,2,23,35,east,32,3,2,5,2,0,1,0,1,1,0,1,0,0,0,0,0,1
237,bare,5000,2,23,45,east,42,4,2,0,0,0,0,0,0,0,0,0,0,0,0,0,0,1
237,bare,5000,2,23,16,east,13,1,3,0,0,0,0,0,0,0,0,0,2,0,0,0,0,0
237,bare,5000,2,23,26,east,23,2,3,0,0,0,0,0,1,0,0,1,0,0,0,0,0,0
237,bare,5000,2,23,36,east,33,3,3,0,0,2,0,2,1,0,2,1,0,0,0,0,0,0
237,bare,5000,2,23,46,east,43,4,3,0,0,0,0,0,2,0,0,2,0,0,0,1,0,0
239,bare,50,2,23,11,west,11,1,1,0,0,0,0,0,0,0,0,0,0,0,0,0,0,0
239,bare,50,2,23,21,west,21,2,1,0,0,0,0,0,0,0,0,0,0,0,0,0,0,0
239,bare,50,2,23,31,west,31,3,1,0,0,0,0,0,0,0,0,0,0,0,0,0,0,0
239,bare,50,2,23,41,west,41,4,1,0,0,0,0,0,1,0,0,1,0,0,0,1,0,0
239,bare,50,2,23,12,west,12,1,2,0,0,0,0,0,0,0,0,0,0,0,0,0,0,0
239,bare,50,2,23,22,west,22,2,2,0,0,0,0,0,0,0,0,0,0,0,0,0,0,0
239,bare,50,2,23,32,west,32,3,2,0,0,0,0,0,0,0,0,0,0,0,0,0,0,0
239,bare,50,2,23,42,west,42,4,2,0,0,0,0,0,0,0,0,0,0,0,0,0,0,0
239,bare,50,2,23,13,west,13,1,3,0,0,0,0,0,0,0,0,0,0,0,0,0,0,0
239,bare,50,2,23,23,west,23,2,3,0,0,0,0,0,0,0,0,0,0,0,0,0,0,0
239,bare,50,2,23,33,west,33,3,3,0,0,0,0,0,0,0,0,0,0,0,0,0,0,0
239,bare,50,2,23,43,west,43,4,3,0,0,0,0,0,0,0,0,0,0,0,0,0,0,0
243,hdr,500,2,24,11,west,11,1,1,0,0,0,0,0,0,0,0,0,0,0,0,0,0,1
243,hdr,500,2,24,21,west,21,2,1,0,0,0,0,0,1,0,0,1,1,0,0,0,1,1
243,hdr,500,2,24,31,west,31,3,1,0,0,1,0,1,0,0,0,0,0,0,0,0,0,0
243,hdr,500,2,24,41,west,41,4,1,0,0,0,0,0,0,0,0,0,0,0,0,0,0,1
243,hdr,500,2,24,12,west,12,1,2,0,0,0,0,0,1,0,0,1,0,0,0,0,0,0
243,hdr,500,2,24,22,west,22,2,2,0,0,0,0,0,1,0,0,1,0,0,0,0,0,0
243,hdr,500,2,24,32,west,32,3,2,1,0,0,0,0,0,0,0,0,0,0,0,0,0,0
243,hdr,500,2,24,42,west,42,4,2,0,0,0,0,0,0,0,0,0,0,0,0,0,0,0
243,hdr,500,2,24,13,west,13,1,3,0,0,0,0,0,0,0,0,0,2,0,0,0,0,1
243,hdr,500,2,24,23,west,23,2,3,0,0,0,0,0,0,0,0,0,0,0,0,0,0,0
243,hdr,500,2,24,33,west,33,3,3,0,0,0,0,0,1,0,0,1,0,0,0,1,0,0
243,hdr,500,2,24,43,west,43,4,3,0,0,0,0,0,1,0,0,0,0,0,0,0,0,0
245,hdr,50,2,24,11,west,11,1,1,0,0,0,0,0,1,0,0,0,0,0,0,0,0,0
245,hdr,50,2,24,21,west,21,2,1,0,0,0,0,0,0,0,0,0,0,0,0,0,0,1
245,hdr,50,2,24,31,west,31,3,1,0,0,0,0,0,0,0,0,0,0,0,0,0,0,0
245,hdr,50,2,24,41,west,41,4,1,0,0,0,0,0,1,0,0,0,0,0,0,0,0,0
245,hdr,50,2,24,12,west,12,1,2,0,0,0,0,0,0,0,0,0,0,0,0,0,0,0
245,hdr,50,2,24,22,west,22,2,2,0,0,0,0,0,0,0,0,0,0,0,0,0,0,0
245,hdr,50,2,24,32,west,32,3,2,0,0,0,0,0,0,0,0,0,0,0,0,0,0,0
245,hdr,50,2,24,42,west,42,4,2,0,0,0,0,0,0,0,0,0,0,0,0,0,0,0
245,hdr,50,2,24,13,west,13,1,3,1,1,0,0,0,0,0,0,0,0,0,0,0,0,0
245,hdr,50,2,24,23,west,23,2,3,0,0,0,0,0,0,0,0,0,0,0,0,0,0,0
245,hdr,50,2,24,33,west,33,3,3,0,0,0,0,0,0,0,0,0,0,0,0,0,0,0
245,hdr,50,2,24,43,west,43,4,3,0,0,0,0,0,0,0,0,0,0,0,0,0,0,0
246,hdr,50000,2,24,14,east,11,1,1,11,10,14,6,3,56,1,3,8,4,0,1,1,0,1
246,hdr,50000,2,24,24,east,21,2,1,3,1,0,1,1,47,1,1,20,0,0,0,0,0,1
246,hdr,50000,2,24,34,east,31,3,1,8,7,4,3,2,13,2,1,4,2,0,1,0,0,2
246,hdr,50000,2,24,44,east,41,4,1,13,9,19,4,11,14,2,5,8,0,0,0,1,0,0
246,hdr,50000,2,24,15,east,12,1,2,24,16,6,7,1,31,2,1,6,4,0,0,0,1,2
246,hdr,50000,2,24,25,east,22,2,2,31,19,11,14,8,33,3,7,7,4,0,0,1,1,1
246,hdr,50000,2,24,35,east,32,3,2,8,4,1,0,0,16,0,0,10,5,0,0,0,0,0
246,hdr,50000,2,24,45,east,42,4,2,9,5,5,1,3,9,0,2,1,1,0,0,0,1,0
246,hdr,50000,2,24,16,east,13,1,3,42,30,0,20,0,37,2,0,1,1,0,0,0,0,3
246,hdr,50000,2,24,26,east,23,2,3,12,12,5,8,3,79,5,1,26,0,3,0,2,0,7
246,hdr,50000,2,24,36,east,33,3,3,15,7,3,4,3,49,1,0,21,1,0,0,1,0,1
246,hdr,50000,2,24,46,east,43,4,3,0,0,0,0,0,4,0,0,0,1,0,0,0,0,0
249,hdr,5000,2,24,14,east,11,1,1,0,0,4,0,2,3,0,0,0,0,0,0,0,0,2
249,hdr,5000,2,24,24,east,21,2,1,0,0,2,0,0,0,0,0,0,0,0,0,0,0,0
249,hdr,5000,2,24,34,east,31,3,1,3,0,0,0,0,0,0,0,0,0,0,0,0,0,1
249,hdr,5000,2,24,44,east,41,4,1,5,3,2,1,1,0,1,1,0,0,1,0,0,0,1
249,hdr,5000,2,24,15,east,12,1,2,3,1,1,0,0,1,0,0,0,0,0,0,0,0,1
249,hdr,5000,2,24,25,east,22,2,2,1,1,3,0,1,0,0,0,0,0,0,0,0,0,1
249,hdr,5000,2,24,35,east,32,3,2,4,1,0,1,0,1,0,0,0,0,0,0,0,0,0
249,hdr,5000,2,24,45,east,42,4,2,1,1,0,0,0,4,0,0,2,0,0,0,1,0,0
249,hdr,5000,2,24,16,east,13,1,3,1,1,1,0,0,0,0,0,0,0,0,0,0,0,0
249,hdr,5000,2,24,26,east,23,2,3,1,1,2,1,1,3,0,0,2,0,0,0,1,0,1
249,hdr,5000,2,24,36,east,33,3,3,3,3,0,2,0,1,0,0,0,1,0,0,0,1,0
249,hdr,5000,2,24,46,east,43,4,3,0,0,1,0,1,1,0,0,0,0,0,0,0,0,1
252,ldr,50,2,25,11,west,11,1,1,0,0,0,0,0,0,0,0,0,0,0,0,0,0,0
252,ldr,50,2,25,21,west,21,2,1,0,0,0,0,0,0,0,0,0,0,0,0,0,0,0
252,ldr,50,2,25,31,west,31,3,1,0,0,0,0,0,0,0,0,0,0,0,0,0,0,0
252,ldr,50,2,25,41,west,41,4,1,0,0,0,0,0,0,0,0,0,0,0,0,0,0,0
252,ldr,50,2,25,12,west,12,1,2,0,0,0,0,0,0,0,0,0,0,0,0,0,0,0
252,ldr,50,2,25,22,west,22,2,2,0,0,0,0,0,0,0,0,0,0,0,0,0,0,0
252,ldr,50,2,25,32,west,32,3,2,0,0,0,0,0,0,0,0,0,0,0,0,0,0,0
252,ldr,50,2,25,42,west,42,4,2,0,0,0,0,0,0,0,0,0,0,0,0,0,0,0
252,ldr,50,2,25,13,west,13,1,3,0,0,0,0,0,0,0,0,0,0,0,0,0,0,0
252,ldr,50,2,25,23,west,23,2,3,0,0,0,0,0,0,0,0,0,0,0,0,0,0,0
252,ldr,50,2,25,33,west,33,3,3,0,0,0,0,0,0,0,0,0,0,0,0,0,0,0
252,ldr,50,2,25,43,west,43,4,3,0,0,0,0,0,0,0,0,0,0,0,0,0,0,0
253,ldr,500,2,25,14,east,11,1,1,0,0,0,0,0,0,0,0,0,5,0,0,0,0,0
253,ldr,500,2,25,24,east,21,2,1,0,0,0,0,0,0,0,0,0,0,0,0,0,0,0
253,ldr,500,2,25,34,east,31,3,1,2,2,0,1,0,2,0,0,2,2,0,0,2,0,0
253,ldr,500,2,25,44,east,41,4,1,0,0,0,0,0,0,0,0,0,0,0,0,0,0,0
253,ldr,500,2,25,15,east,12,1,2,0,0,0,0,0,1,0,0,1,0,0,0,1,0,0
253,ldr,500,2,25,25,east,22,2,2,0,0,1,0,1,0,0,0,0,0,0,0,0,0,0
253,ldr,500,2,25,35,east,32,3,2,0,0,1,0,1,0,0,1,0,0,0,0,0,0,0
253,ldr,500,2,25,45,east,42,4,2,0,0,0,0,0,0,0,0,0,2,0,0,0,0,0
253,ldr,500,2,25,16,east,13,1,3,0,0,0,0,0,0,0,0,0,0,0,0,0,0,0
253,ldr,500,2,25,26,east,23,2,3,0,0,0,0,0,0,0,0,0,0,0,0,0,0,0
253,ldr,500,2,25,36,east,33,3,3,0,0,0,0,0,0,0,0,0,0,0,0,0,0,0
253,ldr,500,2,25,46,east,43,4,3,0,0,0,0,0,0,0,0,0,0,0,0,0,0,0
257,ldr,5000,2,25,14,east,11,1,1,5,4,1,0,1,0,0,1,0,9,0,0,0,1,0
257,ldr,5000,2,25,24,east,21,2,1,7,6,6,1,0,4,0,0,1,1,0,0,0,0,1
257,ldr,5000,2,25,34,east,31,3,1,0,0,3,0,0,1,0,0,0,0,0,0,0,0,1
257,ldr,5000,2,25,44,east,41,4,1,0,0,4,0,2,1,0,1,0,0,0,0,0,0,0
257,ldr,5000,2,25,15,east,12,1,2,3,3,2,1,2,2,0,2,1,4,0,0,0,2,1
257,ldr,5000,2,25,25,east,22,2,2,5,5,2,1,1,0,0,0,0,1,0,0,0,0,1
257,ldr,5000,2,25,35,east,32,3,2,3,3,4,0,1,7,0,0,1,1,0,0,1,1,0
257,ldr,5000,2,25,45,east,42,4,2,0,0,2,0,0,6,0,0,0,0,0,0,0,0,2
257,ldr,5000,2,25,16,east,13,1,3,2,2,1,0,0,1,0,0,1,1,0,0,0,1,0
257,ldr,5000,2,25,26,east,23,2,3,0,0,0,0,0,1,0,0,1,2,0,0,1,1,1
257,ldr,5000,2,25,36,east,33,3,3,2,2,1,0,0,1,0,0,1,1,0,0,0,0,0
257,ldr,5000,2,25,46,east,43,4,3,0,0,0,0,0,1,0,0,1,2,0,0,0,1,0
259,ldr,50000,2,25,14,east,11,1,1,57,57,18,11,5,14,0,3,1,10,0,0,0,3,1
259,ldr,50000,2,25,24,east,21,2,1,67,67,27,19,2,14,8,0,4,23,3,0,2,10,3
259,ldr,50000,2,25,34,east,31,3,1,57,57,11,10,4,3,6,4,1,11,0,0,0,3,2
259,ldr,50000,2,25,44,east,41,4,1,22,22,7,5,1,4,0,1,0,3,0,0,0,2,4
259,ldr,50000,2,25,15,east,12,1,2,31,31,15,2,2,5,0,0,3,6,0,0,0,0,1
259,ldr,50000,2,25,25,east,22,2,2,52,52,61,16,16,14,5,8,8,31,1,0,1,5,0
259,ldr,50000,2,25,35,east,32,3,2,61,61,35,12,3,14,1,1,12,19,0,0,2,5,2
259,ldr,50000,2,25,45,east,42,4,2,10,7,13,1,3,10,0,1,3,6,0,0,1,0,0
259,ldr,50000,2,25,16,east,13,1,3,22,22,18,9,8,13,2,2,3,5,1,0,0,1,1
259,ldr,50000,2,25,26,east,23,2,3,39,39,57,5,8,0,3,3,0,7,0,0,0,1,0
259,ldr,50000,2,25,36,east,33,3,3,39,39,13,9,4,10,2,1,4,17,0,0,0,5,1
259,ldr,50000,2,25,46,east,43,4,3,16,16,9,6,2,6,1,0,1,4,0,0,0,0,0
311,ldshoots,500,3,31,14,east,11,1,1,0,0,0,0,0,0,0,0,0,0,0,0,0,0,0
311,ldshoots,500,3,31,24,east,21,2,1,0,0,0,0,0,0,0,0,0,0,0,0,0,0,0
311,ldshoots,500,3,31,34,east,31,3,1,0,0,0,0,0,0,0,0,0,0,0,0,0,0,0
311,ldshoots,500,3,31,44,east,41,4,1,0,0,0,0,0,0,0,0,0,0,0,0,0,0,0
311,ldshoots,500,3,31,15,east,12,1,2,0,0,0,0,0,0,0,0,0,2,0,0,0,0,0
311,ldshoots,500,3,31,25,east,22,2,2,0,0,0,0,0,0,0,0,0,0,0,0,0,0,0
311,ldshoots,500,3,31,35,east,32,3,2,0,0,0,0,0,0,0,0,0,1,0,0,0,0,0
311,ldshoots,500,3,31,45,east,42,4,2,0,0,0,0,0,0,0,0,0,0,0,0,0,0,0
311,ldshoots,500,3,31,16,east,13,1,3,0,0,0,0,0,0,0,0,0,0,0,0,0,0,0
311,ldshoots,500,3,31,26,east,23,2,3,0,0,0,0,0,0,0,0,0,0,0,0,0,0,0
311,ldshoots,500,3,31,36,east,33,3,3,0,0,0,0,0,0,0,0,0,0,0,0,0,0,0
311,ldshoots,500,3,31,46,east,43,4,3,0,0,0,0,0,0,0,0,0,0,0,0,0,0,0
312,ldshoots,50,3,31,14,east,11,1,1,0,0,0,0,0,0,0,0,0,0,0,0,0,0,0
312,ldshoots,50,3,31,24,east,21,2,1,0,0,0,0,0,0,0,0,0,0,0,0,0,0,0
312,ldshoots,50,3,31,34,east,31,3,1,0,0,0,0,0,0,0,0,0,0,0,0,0,0,0
312,ldshoots,50,3,31,44,east,41,4,1,0,0,0,0,0,0,0,0,0,0,0,0,0,0,0
312,ldshoots,50,3,31,15,east,12,1,2,0,0,0,0,0,0,0,0,0,0,0,0,0,0,0
312,ldshoots,50,3,31,25,east,22,2,2,0,0,0,0,0,0,0,0,0,0,0,0,0,0,0
312,ldshoots,50,3,31,35,east,32,3,2,0,0,0,0,0,0,0,0,0,1,0,0,0,0,0
312,ldshoots,50,3,31,45,east,42,4,2,0,0,0,0,0,0,0,0,0,0,0,0,0,0,0
312,ldshoots,50,3,31,16,east,13,1,3,0,0,0,0,0,0,0,0,0,0,0,0,0,0,0
312,ldshoots,50,3,31,26,east,23,2,3,0,0,0,0,0,0,0,0,0,0,0,0,0,0,0
312,ldshoots,50,3,31,36,east,33,3,3,0,0,0,0,0,0,0,0,0,0,0,0,0,0,0
312,ldshoots,50,3,31,46,east,43,4,3,0,0,0,0,0,0,0,0,0,0,0,0,0,0,0
313,ldshoots,5000,3,31,14,east,11,1,1,5,3,1,3,1,1,2,1,1,2,1,1,0,0,1
313,ldshoots,5000,3,31,24,east,21,2,1,2,0,1,0,1,0,0,0,0,3,0,0,0,2,0
313,ldshoots,5000,3,31,34,east,31,3,1,2,2,2,2,2,0,1,0,0,8,0,0,0,0,0
313,ldshoots,5000,3,31,44,east,41,4,1,0,0,0,0,0,0,0,0,0,0,0,0,0,0,0
313,ldshoots,5000,3,31,15,east,12,1,2,0,0,0,0,0,0,0,0,0,6,0,0,0,2,2
313,ldshoots,5000,3,31,25,east,22,2,2,1,1,4,1,4,0,0,0,0,3,0,0,0,0,1
313,ldshoots,5000,3,31,35,east,32,3,2,2,1,1,1,1,0,0,1,0,2,0,0,0,0,0
313,ldshoots,5000,3,31,45,east,42,4,2,1,1,1,1,1,0,0,0,0,2,0,0,0,2,0
313,ldshoots,5000,3,31,16,east,13,1,3,1,0,1,0,1,3,0,1,3,2,0,0,1,0,0
313,ldshoots,5000,3,31,26,east,23,2,3,1,1,1,1,1,0,1,1,0,3,1,0,0,0,0
313,ldshoots,5000,3,31,36,east,33,3,3,0,0,0,0,0,0,0,0,0,2,0,0,0,0,0
313,ldshoots,5000,3,31,46,east,43,4,3,1,1,0,1,0,0,0,0,0,0,0,0,0,0,0
316,ldshoots,50000,3,31,14,east,11,1,1,42,42,8,42,8,0,42,8,0,0,29,7,0,0,0
316,ldshoots,50000,3,31,24,east,21,2,1,109,109,15,109,15,0,109,15,0,22,48,13,0,12,0
316,ldshoots,50000,3,31,34,east,31,3,1,20,20,24,20,24,0,20,21,0,29,13,15,0,24,0
316,ldshoots,50000,3,31,44,east,41,4,1,7,7,15,7,15,0,7,12,0,30,4,9,0,15,0
316,ldshoots,50000,3,31,15,east,12,1,2,23,23,6,23,6,0,23,6,0,0,6,4,0,0,0
316,ldshoots,50000,3,31,25,east,22,2,2,29,29,10,29,10,0,29,10,0,17,19,8,0,11,0
316,ldshoots,50000,3,31,35,east,32,3,2,14,14,0,14,0,0,9,0,0,11,4,0,0,7,0
316,ldshoots,50000,3,31,45,east,42,4,2,25,25,3,25,3,0,22,3,0,17,2,1,0,8,0
316,ldshoots,50000,3,31,16,east,13,1,3,6,6,5,6,5,0,6,5,0,13,2,2,0,4,0
316,ldshoots,50000,3,31,26,east,23,2,3,14,14,4,14,4,0,11,4,0,10,3,0,0,7,0
316,ldshoots,50000,3,31,36,east,33,3,3,36,36,4,36,4,0,30,4,0,15,20,3,0,9,0
316,ldshoots,50000,3,31,46,east,43,4,3,8,8,5,8,5,0,8,5,0,11,6,5,0,7,0
317,ldshoots,200000,3,31,14,east,11,1,1,80,80,37,80,37,0,80,37,0,28,74,15,0,26,0
317,ldshoots,200000,3,31,24,east,21,2,1,252,227,0,227,0,0,227,0,0,34,185,0,0,28,0
317,ldshoots,200000,3,31,34,east,31,3,1,196,196,35,196,35,0,190,35,0,32,102,27,0,31,0
317,ldshoots,200000,3,31,44,east,41,4,1,185,185,5,185,5,0,185,5,0,22,126,5,0,20,0
317,ldshoots,200000,3,31,15,east,12,1,2,20,20,30,20,30,0,20,30,0,21,15,13,0,17,0
317,ldshoots,200000,3,31,25,east,22,2,2,192,192,11,192,11,0,192,11,0,33,128,10,0,21,0
317,ldshoots,200000,3,31,35,east,32,3,2,179,179,63,179,63,0,164,56,0,73,81,39,0,56,0
317,ldshoots,200000,3,31,45,east,42,4,2,172,172,3,172,3,0,159,3,0,49,91,3,0,26,0
317,ldshoots,200000,3,31,16,east,13,1,3,19,19,10,19,10,0,18,10,0,35,10,3,0,15,0
317,ldshoots,200000,3,31,26,east,23,2,3,98,80,0,80,0,0,51,0,0,28,40,0,0,8,0
317,ldshoots,200000,3,31,36,east,33,3,3,83,83,4,83,4,0,79,4,0,34,49,0,0,12,0
317,ldshoots,200000,3,31,46,east,43,4,3,11,11,5,11,5,0,11,5,0,23,7,1,0,12,0
320,bare,500,3,32,11,west,11,1,1,0,0,0,0,0,0,0,0,0,0,0,0,0,0,0
320,bare,500,3,32,21,west,21,2,1,0,0,0,0,0,0,0,0,0,0,0,0,0,0,0
320,bare,500,3,32,31,west,31,3,1,0,0,0,0,0,0,0,0,0,0,0,0,0,0,0
320,bare,500,3,32,41,west,41,4,1,0,0,0,0,0,0,0,0,0,0,0,0,0,0,0
320,bare,500,3,32,12,west,12,1,2,0,0,0,0,0,0,0,0,0,0,0,0,0,0,0
320,bare,500,3,32,22,west,22,2,2,0,0,0,0,0,0,0,0,0,0,0,0,0,0,0
320,bare,500,3,32,32,west,32,3,2,2,2,0,0,0,0,0,0,0,0,0,0,0,0,0
320,bare,500,3,32,42,west,42,4,2,0,0,1,0,1,0,0,0,0,0,0,0,0,0,0
320,bare,500,3,32,13,west,13,1,3,0,0,1,0,0,1,0,0,1,0,0,0,1,0,0
320,bare,500,3,32,23,west,23,2,3,0,0,1,0,0,0,0,0,0,0,0,0,0,0,0
320,bare,500,3,32,33,west,33,3,3,1,1,0,0,0,0,0,0,0,0,0,0,0,0,0
320,bare,500,3,32,43,west,43,4,3,0,0,0,0,0,0,0,0,0,0,0,0,0,0,0
321,bare,200000,3,32,14,east,11,1,1,57,52,12,35,9,3,30,8,2,6,14,5,0,4,0
321,bare,200000,3,32,24,east,21,2,1,113,95,6,78,3,0,59,3,0,7,27,1,0,5,0
321,bare,200000,3,32,34,east,31,3,1,90,88,22,47,12,0,25,5,0,10,8,4,0,3,0
321,bare,200000,3,32,44,east,41,4,1,79,79,46,23,10,0,19,3,0,0,0,0,0,0,0
321,bare,200000,3,32,15,east,12,1,2,38,36,28,32,17,2,13,6,0,3,8,5,0,3,0
321,bare,200000,3,32,25,east,22,2,2,131,131,47,115,45,0,106,39,0,0,71,25,0,0,0
321,bare,200000,3,32,35,east,32,3,2,52,52,50,44,35,0,27,12,0,0,15,7,0,0,0
321,bare,200000,3,32,45,east,42,4,2,30,30,31,8,13,0,6,7,0,3,0,0,0,1,0
321,bare,200000,3,32,16,east,13,1,3,27,23,21,18,13,2,18,13,1,4,11,11,1,3,0
321,bare,200000,3,32,26,east,23,2,3,111,111,39,102,37,0,49,32,0,9,32,21,0,6,0
321,bare,200000,3,32,36,east,33,3,3,28,28,9,21,7,0,14,4,0,5,3,1,0,1,0
321,bare,200000,3,32,46,east,43,4,3,43,39,18,32,18,0,12,9,0,2,1,0,0,0,0
325,bare,50,3,32,14,east,11,1,1,0,0,0,0,0,0,0,0,0,0,0,0,0,0,0
325,bare,50,3,32,24,east,21,2,1,0,0,0,0,0,0,0,0,0,0,0,0,0,0,0
325,bare,50,3,32,34,east,31,3,1,0,0,1,0,0,0,0,0,0,0,0,0,0,0,0
325,bare,50,3,32,44,east,41,4,1,0,0,0,0,0,0,0,0,0,0,0,0,0,0,0
325,bare,50,3,32,15,east,12,1,2,0,0,0,0,0,0,0,0,0,0,0,0,0,0,0
325,bare,50,3,32,25,east,22,2,2,0,0,0,0,0,0,0,0,0,0,0,0,0,0,0
325,bare,50,3,32,35,east,32,3,2,0,0,0,0,0,1,0,0,1,0,0,0,1,0,0
325,bare,50,3,32,45,east,42,4,2,0,0,0,0,0,1,0,0,0,0,0,0,0,0,0
325,bare,50,3,32,16,east,13,1,3,0,0,0,0,0,0,0,0,0,0,0,0,0,0,0
325,bare,50,3,32,26,east,23,2,3,0,0,0,0,0,0,0,0,0,0,0,0,0,0,0
325,bare,50,3,32,36,east,33,3,3,0,0,0,0,0,0,0,0,0,0,0,0,0,0,0
325,bare,50,3,32,46,east,43,4,3,0,0,0,0,0,1,0,0,1,0,0,0,1,0,0
328,bare,50000,3,32,14,east,11,1,1,44,33,25,18,21,3,16,20,2,1,16,20,2,1,0
328,bare,50000,3,32,24,east,21,2,1,11,11,43,8,41,6,7,7,5,0,4,7,5,0,3
328,bare,50000,3,32,34,east,31,3,1,32,32,13,20,5,1,14,4,1,6,13,4,1,6,0
328,bare,50000,3,32,44,east,41,4,1,32,32,36,21,21,0,10,9,0,1,10,9,0,1,4
328,bare,50000,3,32,15,east,12,1,2,26,17,3,8,0,7,7,0,7,0,6,0,4,0,0
328,bare,50000,3,32,25,east,22,2,2,46,46,10,21,6,0,9,6,0,7,7,6,0,6,0
328,bare,50000,3,32,35,east,32,3,2,35,35,26,23,11,0,9,4,0,4,9,4,0,4,3
328,bare,50000,3,32,45,east,42,4,2,54,54,19,22,12,0,16,6,0,0,13,5,0,0,1
328,bare,50000,3,32,16,east,13,1,3,4,3,9,0,6,5,0,4,4,4,0,3,2,2,0
328,bare,50000,3,32,26,east,23,2,3,21,16,4,15,2,4,10,2,2,1,9,2,2,1,0
328,bare,50000,3,32,36,east,33,3,3,42,41,6,26,6,7,22,5,3,6,22,5,3,8,0
328,bare,50000,3,32,46,east,43,4,3,12,8,2,4,1,1,4,1,1,18,4,1,1,15,0
329,bare,5000,3,32,14,east,11,1,1,2,2,3,0,1,1,0,1,0,0,0,0,0,0,0
329,bare,5000,3,33,24,east,21,2,1,4,4,0,2,0,0,2,0,0,0,1,0,0,0,0
329,bare,5000,3,33,34,east,31,3,1,4,4,11,0,4,0,0,3,0,0,0,1,0,0,0
329,bare,5000,3,33,44,east,41,4,1,3,3,0,0,0,1,0,0,1,0,0,0,0,0,0
329,bare,5000,3,33,15,east,12,1,2,10,10,6,5,2,0,2,0,0,1,0,0,0,0,0
329,bare,5000,3,33,25,east,22,2,2,1,1,2,0,1,0,0,1,0,0,0,0,0,0,0
329,bare,5000,3,33,35,east,32,3,2,5,4,0,3,0,2,0,0,2,1,0,0,0,1,0
329,bare,5000,3,33,45,east,42,4,2,3,3,2,2,1,0,2,1,0,0,0,0,0,0,0
329,bare,5000,3,33,16,east,13,1,3,2,2,1,1,0,0,1,0,0,0,0,0,0,0,0
329,bare,5000,3,33,26,east,23,2,3,1,1,1,1,1,0,0,0,0,0,0,0,0,0,0
329,bare,5000,3,33,36,east,33,3,3,6,6,2,3,0,0,2,0,0,0,0,0,0,0,0
329,bare,5000,3,33,46,east,43,4,3,2,2,1,0,1,0,0,0,0,0,0,0,0,0,1
331,hdr,5000,3,33,14,east,11,1,1,0,0,0,0,0,20,0,0,20,2,0,0,4,1,0
331,hdr,5000,3,33,24,east,21,2,1,0,0,0,0,0,18,0,0,18,10,0,0,7,6,0
331,hdr,5000,3,33,34,east,31,3,1,0,0,0,0,0,8,0,0,5,5,0,0,3,0,0
331,hdr,5000,3,33,44,east,41,4,1,0,0,0,0,0,3,0,0,3,1,0,0,1,0,0
331,hdr,5000,3,33,15,east,12,1,2,0,0,3,0,1,4,0,1,4,4,0,0,2,3,2
331,hdr,5000,3,33,25,east,22,2,2,0,0,0,0,0,2,0,0,2,5,0,0,0,0,0
331,hdr,5000,3,33,35,east,32,3,2,0,0,0,0,0,17,0,0,17,6,0,0,4,3,1
331,hdr,5000,3,33,45,east,42,4,2,0,0,0,0,0,8,0,0,8,5,0,0,4,4,0
331,hdr,5000,3,33,16,east,13,1,3,0,0,1,0,1,4,0,1,4,1,0,0,4,1,0
331,hdr,5000,3,33,26,east,23,2,3,0,0,0,0,0,1,0,0,1,2,0,0,1,0,0
331,hdr,5000,3,33,36,east,33,3,3,0,0,0,0,0,16,0,0,16,3,0,0,5,3,0
331,hdr,5000,3,33,46,east,43,4,3,0,0,0,0,0,4,0,0,2,6,0,0,1,0,0
334,hdr,50000,3,33,14,east,11,1,1,3,3,2,3,2,53,3,2,53,27,3,1,48,21,0
334,hdr,50000,3,33,24,east,21,2,1,5,5,2,5,2,79,5,2,79,34,3,1,34,19,0
334,hdr,50000,3,33,34,east,31,3,1,60,60,17,51,17,52,51,17,52,48,43,15,47,45,0
334,hdr,50000,3,33,44,east,41,4,1,79,79,11,56,11,11,56,11,8,71,56,11,8,60,0
334,hdr,50000,3,33,15,east,12,1,2,1,1,1,1,1,41,1,1,41,33,0,1,32,25,0
334,hdr,50000,3,33,25,east,22,2,2,24,24,10,21,10,36,18,10,31,17,13,6,20,9,0
334,hdr,50000,3,33,35,east,32,3,2,27,27,7,27,7,72,23,7,46,22,14,7,33,14,0
334,hdr,50000,3,33,45,east,42,4,2,48,48,48,39,34,0,39,34,0,79,34,30,0,76,0
334,hdr,50000,3,33,16,east,13,1,3,0,0,1,0,1,21,0,1,15,1,0,1,15,1,0
334,hdr,50000,3,33,26,east,23,2,3,3,3,3,1,3,19,1,3,18,15,1,3,14,11,0
334,hdr,50000,3,33,36,east,33,3,3,1,1,0,1,0,29,0,0,4,2,0,0,3,0,0
334,hdr,50000,3,33,46,east,43,4,3,9,9,0,7,0,15,7,0,13,36,5,0,8,26,1
335,hdr,500,3,33,14,east,11,1,1,0,0,0,0,0,0,0,0,0,1,0,0,0,0,0
335,hdr,500,3,33,24,east,21,2,1,1,1,0,1,0,0,0,0,0,1,0,0,0,0,0
335,hdr,500,3,33,34,east,31,3,1,0,0,0,0,0,0,0,0,0,0,0,0,0,0,0
335,hdr,500,3,33,44,east,41,4,1,0,0,0,0,0,0,0,0,0,0,0,0,0,0,0
335,hdr,500,3,33,15,east,12,1,2,0,0,0,0,0,1,0,0,1,0,0,0,1,0,0
335,hdr,500,3,33,25,east,22,2,2,0,0,0,0,0,0,0,0,0,2,0,0,0,1,1
335,hdr,500,3,33,35,east,32,3,2,0,0,0,0,0,0,0,0,0,0,0,0,0,0,2
335,hdr,500,3,33,45,east,42,4,2,0,0,0,0,0,0,0,0,0,0,0,0,0,0,0
335,hdr,500,3,33,16,east,13,1,3,0,0,0,0,0,0,0,0,0,0,0,0,0,0,0
335,hdr,500,3,33,26,east,23,2,3,0,0,0,0,0,0,0,0,0,0,0,0,0,0,0
335,hdr,500,3,33,36,east,33,3,3,0,0,0,0,0,0,0,0,0,0,0,0,0,0,0
335,hdr,500,3,33,46,east,43,4,3,0,0,0,0,0,0,0,0,0,0,0,0,0,0,0
336,hdr,200000,3,33,14,east,11,1,1,51,51,23,31,21,28,25,18,25,10,8,12,10,7,0
336,hdr,200000,3,33,24,east,21,2,1,72,72,50,70,45,20,34,10,17,7,11,0,12,2,0
336,hdr,200000,3,33,34,east,31,3,1,77,77,0,65,0,64,53,0,61,19,39,0,43,19,0
336,hdr,200000,3,33,44,east,41,4,1,123,123,0,93,0,26,92,0,24,25,47,0,14,20,0
336,hdr,200000,3,33,15,east,12,1,2,37,37,8,37,8,0,33,2,0,18,14,0,0,8,0
336,hdr,200000,3,33,25,east,22,2,2,84,84,9,45,8,21,45,8,21,10,11,1,4,4,0
336,hdr,200000,3,33,35,east,32,3,2,61,61,20,55,14,33,18,5,6,6,4,1,4,1,0
336,hdr,200000,3,33,45,east,42,4,2,120,120,7,112,7,0,31,1,0,13,8,0,0,4,0
336,hdr,200000,3,33,16,east,13,1,3,19,19,7,19,7,0,3,0,0,5,3,0,0,3,0
336,hdr,200000,3,33,26,east,23,2,3,53,53,17,27,1,4,6,1,2,11,2,0,2,4,0
336,hdr,200000,3,33,36,east,33,3,3,78,78,17,64,7,8,35,8,4,23,10,0,2,4,0
336,hdr,200000,3,33,46,east,43,4,3,55,55,1,35,0,14,9,0,8,13,7,0,1,2,0
337,hdr,50,3,33,11,west,11,1,1,0,0,0,0,0,0,0,0,0,0,0,0,0,0,0
337,hdr,50,3,33,21,west,21,2,1,0,0,0,0,0,0,0,0,0,0,0,0,0,0,0
337,hdr,50,3,33,31,west,31,3,1,0,0,0,0,0,0,0,0,0,0,0,0,0,0,0
337,hdr,50,3,33,41,west,41,4,1,0,0,0,0,0,0,0,0,0,0,0,0,0,0,1
337,hdr,50,3,33,12,west,12,1,2,0,0,0,0,0,0,0,0,0,0,0,0,0,0,0
337,hdr,50,3,33,22,west,22,2,2,0,0,0,0,0,1,0,0,1,0,0,0,0,0,0
337,hdr,50,3,33,32,west,32,3,2,0,0,0,0,0,0,0,0,0,0,0,0,0,0,0
337,hdr,50,3,33,42,west,42,4,2,0,0,0,0,0,0,0,0,0,0,0,0,0,0,0
337,hdr,50,3,33,13,west,13,1,3,1,1,0,0,0,0,0,0,0,0,0,0,0,0,0
337,hdr,50,3,33,23,west,23,2,3,0,0,0,0,0,0,0,0,0,2,0,0,0,2,0
337,hdr,50,3,33,33,west,33,3,3,0,0,0,0,0,0,0,0,0,0,0,0,0,0,0
337,hdr,50,3,33,43,west,43,4,3,0,0,0,0,0,0,0,0,0,0,0,0,0,0,0
340,hdshoots,200000,3,34,14,east,11,1,1,207,207,24,207,24,0,158,19,0,47,66,3,0,25,0
340,hdshoots,200000,3,34,24,east,21,2,1,154,154,36,154,36,0,143,18,0,25,35,4,0,7,0
340,hdshoots,200000,3,34,34,east,31,3,1,180,180,10,180,10,0,169,9,0,42,37,4,0,9,0
340,hdshoots,200000,3,34,44,east,41,4,1,72,72,50,72,50,0,72,50,0,9,6,3,0,0,0
340,hdshoots,200000,3,34,15,east,12,1,2,122,122,20,122,20,0,104,20,0,9,17,7,0,4,0
340,hdshoots,200000,3,34,25,east,22,2,2,156,156,0,156,0,0,114,0,0,4,14,0,0,2,0
340,hdshoots,200000,3,34,35,east,32,3,2,159,159,0,159,0,0,142,0,0,33,19,0,0,2,0
340,hdshoots,200000,3,34,45,east,42,4,2,203,203,12,203,12,0,182,12,0,24,5,1,0,5,0
340,hdshoots,200000,3,34,16,east,13,1,3,82,82,25,82,25,0,74,23,0,13,17,4,0,6,0
340,hdshoots,200000,3,34,26,east,23,2,3,113,113,7,113,7,0,74,7,0,6,2,0,0,0,0
340,hdshoots,200000,3,34,36,east,33,3,3,45,45,0,45,0,0,45,0,0,41,4,0,0,2,0
340,hdshoots,200000,3,34,46,east,43,4,3,170,170,6,170,6,0,119,6,0,2,7,3,0,0,0
342,hdshoots,50,3,34,14,east,11,1,1,0,0,0,0,0,0,0,0,0,0,0,0,0,0,0
342,hdshoots,50,3,34,24,east,21,2,1,0,0,0,0,0,0,0,0,0,0,0,0,0,0,0
342,hdshoots,50,3,34,34,east,31,3,1,0,0,0,0,0,0,0,0,0,0,0,0,0,0,0
342,hdshoots,50,3,34,44,east,41,4,1,0,0,0,0,0,0,0,0,0,0,0,0,0,0,0
342,hdshoots,50,3,34,15,east,12,1,2,0,0,0,0,0,0,0,0,0,0,0,0,0,0,0
342,hdshoots,50,3,34,25,east,22,2,2,0,0,0,0,0,0,0,0,0,0,0,0,0,0,0
342,hdshoots,50,3,34,35,east,32,3,2,0,0,0,0,0,0,0,0,0,0,0,0,0,0,0
342,hdshoots,50,3,34,45,east,42,4,2,0,0,0,0,0,0,0,0,0,0,0,0,0,0,0
342,hdshoots,50,3,34,16,east,13,1,3,0,0,0,0,0,0,0,0,0,0,0,0,0,0,0
342,hdshoots,50,3,34,26,east,23,2,3,0,0,0,0,0,0,0,0,0,0,0,0,0,0,0
342,hdshoots,50,3,34,36,east,33,3,3,0,0,0,0,0,0,0,0,0,0,0,0,0,0,0
342,hdshoots,50,3,34,46,east,43,4,3,0,0,0,0,0,0,0,0,0,0,0,0,0,0,0
345,hdshoots,50000,3,34,14,east,11,1,1,43,43,12,43,12,0,19,5,0,5,0,0,0,1,0
345,hdshoots,50000,3,34,24,east,21,2,1,40,40,8,40,8,0,28,5,0,37,2,0,0,8,1
345,hdshoots,50000,3,34,34,east,31,3,1,36,36,0,36,0,0,37,0,0,36,9,0,0,14,0
345,hdshoots,50000,3,34,44,east,41,4,1,42,42,10,42,10,0,38,10,0,0,6,2,0,0,0
345,hdshoots,50000,3,34,15,east,12,1,2,70,64,0,64,0,0,46,0,0,41,3,0,0,5,0
345,hdshoots,50000,3,34,25,east,22,2,2,83,83,17,83,17,0,75,15,0,52,9,3,0,9,2
345,hdshoots,50000,3,34,35,east,32,3,2,27,27,28,27,28,0,27,28,0,31,5,9,0,3,0
345,hdshoots,50000,3,34,45,east,42,4,2,25,25,0,25,0,0,25,0,0,22,1,0,0,8,0
345,hdshoots,50000,3,34,16,east,13,1,3,16,16,4,16,4,0,14,4,0,40,7,0,0,6,0
345,hdshoots,50000,3,34,26,east,23,2,3,48,46,0,46,0,0,38,0,0,14,5,0,0,2,0
345,hdshoots,50000,3,34,36,east,33,3,3,25,25,15,25,15,0,23,15,0,9,2,2,0,2,0
345,hdshoots,50000,3,34,46,east,43,4,3,6,6,5,6,5,0,6,5,0,13,0,2,0,4,0
347,hdshoots,5000,3,34,14,east,11,1,1,1,0,3,0,3,0,0,3,0,10,0,1,0,3,0
347,hdshoots,5000,3,34,24,east,21,2,1,2,2,4,2,4,0,0,3,0,1,0,0,0,0,0
347,hdshoots,5000,3,34,34,east,31,3,1,2,2,0,2,0,0,0,0,0,5,0,0,0,0,0
347,hdshoots,5000,3,34,44,east,41,4,1,2,2,4,2,4,0,0,1,0,4,0,1,0,3,0
347,hdshoots,5000,3,34,15,east,12,1,2,5,5,2,5,2,0,2,2,0,6,1,0,0,3,1
347,hdshoots,5000,3,34,25,east,22,2,2,4,4,0,4,0,0,1,0,0,1,0,0,0,1,0
347,hdshoots,5000,3,34,35,east,32,3,2,1,1,3,1,3,0,0,2,0,9,0,0,0,1,0
347,hdshoots,5000,3,34,45,east,42,4,2,0,0,3,0,3,0,0,2,0,3,0,1,0,1,0
347,hdshoots,5000,3,34,16,east,13,1,3,0,0,2,0,2,0,0,0,0,5,0,0,0,2,0
347,hdshoots,5000,3,34,26,east,23,2,3,0,0,1,0,1,0,0,0,0,2,0,0,0,2,0
347,hdshoots,5000,3,34,36,east,33,3,3,1,1,1,1,1,0,0,1,0,7,0,0,0,1,0
347,hdshoots,5000,3,34,46,east,43,4,3,0,0,2,0,2,0,0,1,0,1,0,0,0,0,0
349,hdshoots,500,3,34,11,west,11,1,1,0,0,0,0,0,0,0,0,0,2,0,0,0,1,0
349,hdshoots,500,3,34,21,west,21,2,1,0,0,0,0,0,0,0,0,0,0,0,0,0,0,0
349,hdshoots,500,3,34,31,west,31,3,1,1,0,0,0,0,0,0,0,0,2,0,0,0,0,0
349,hdshoots,500,3,34,41,west,41,4,1,0,0,0,0,0,0,0,0,0,1,0,0,0,0,0
349,hdshoots,500,3,34,12,west,12,1,2,0,0,1,0,1,0,0,1,0,1,0,0,0,0,0
349,hdshoots,500,3,34,22,west,22,2,2,0,0,0,0,0,0,0,0,0,0,0,0,0,0,0
349,hdshoots,500,3,34,32,west,32,3,2,0,0,1,0,1,0,0,0,0,0,0,0,0,0,0
349,hdshoots,500,3,34,42,west,42,4,2,0,0,0,0,0,0,0,0,0,0,0,0,0,0,0
349,hdshoots,500,3,34,13,west,13,1,3,0,0,0,0,0,0,0,0,0,1,0,0,0,0,0
349,hdshoots,500,3,34,23,west,23,2,3,0,0,2,0,2,0,0,0,0,0,0,0,0,0,0
349,hdshoots,500,3,34,33,west,33,3,3,0,0,0,0,0,0,0,0,0,1,0,0,0,0,0
349,hdshoots,500,3,34,43,west,43,4,3,0,0,1,0,1,0,0,0,0,2,0,0,0,0,0
350,ldr,5000,3,35,14,east,11,1,1,4,4,2,4,2,5,1,2,3,8,1,2,1,3,0
350,ldr,5000,3,35,24,east,21,2,1,5,4,1,3,1,6,1,0,3,6,0,0,0,2,0
350,ldr,5000,3,35,34,east,31,3,1,7,7,0,3,0,2,3,0,2,2,1,0,0,0,0
350,ldr,5000,3,35,44,east,41,4,1,1,1,1,1,1,2,1,0,2,2,0,0,0,0,0
350,ldr,5000,3,35,15,east,12,1,2,0,0,4,0,1,11,0,1,11,0,0,1,0,0,1
350,ldr,5000,3,35,25,east,22,2,2,1,1,5,0,2,1,0,1,1,3,0,1,0,1,0
350,ldr,5000,3,35,35,east,32,3,2,0,0,2,0,1,1,0,1,1,3,0,0,0,0,0
350,ldr,5000,3,35,45,east,42,4,2,2,2,0,0,0,2,0,0,2,0,0,0,0,0,0
350,ldr,5000,3,35,16,east,13,1,3,0,0,0,0,0,2,0,0,1,1,0,0,0,1,0
350,ldr,5000,3,35,26,east,23,2,3,0,0,0,0,0,3,0,0,2,2,0,0,0,0,0
350,ldr,5000,3,35,36,east,33,3,3,0,0,0,0,0,2,0,0,2,0,0,0,0,0,0
350,ldr,5000,3,35,46,east,43,4,3,0,0,0,0,0,1,0,0,1,0,0,0,0,0,0
353,ldr,200000,3,35,14,east,11,1,1,65,65,16,43,16,11,32,14,9,9,12,11,3,2,0
353,ldr,200000,3,35,24,east,21,2,1,236,236,25,192,16,5,179,15,5,27,96,5,5,11,0
353,ldr,200000,3,35,34,east,31,3,1,81,81,23,48,13,0,45,11,0,28,21,1,0,7,4
353,ldr,200000,3,35,44,east,41,4,1,39,39,9,39,9,32,24,5,23,15,11,2,7,5,0
353,ldr,200000,3,35,15,east,12,1,2,137,137,37,107,33,0,107,33,0,4,46,22,0,0,0
353,ldr,200000,3,35,25,east,22,2,2,196,196,48,161,46,7,157,41,7,35,87,32,5,13,0
353,ldr,200000,3,35,35,east,32,3,2,115,115,23,89,23,14,57,12,5,1,22,8,2,0,0
353,ldr,200000,3,35,45,east,42,4,2,8,8,0,3,0,3,2,0,3,10,0,0,3,5,1
353,ldr,200000,3,35,16,east,13,1,3,199,199,29,147,25,0,140,25,0,13,93,16,0,4,0
353,ldr,200000,3,35,26,east,23,2,3,73,73,21,73,21,5,69,20,5,25,35,11,5,17,0
353,ldr,200000,3,35,36,east,33,3,3,54,54,2,44,2,7,44,2,7,4,12,0,0,4,0
353,ldr,200000,3,35,46,east,43,4,3,4,4,0,4,0,1,2,0,1,23,0,0,0,1,0
354,ldr,50000,3,35,14,east,11,1,1,6,6,19,3,4,17,3,4,6,38,0,1,0,3,0
354,ldr,50000,3,35,24,east,21,2,1,56,56,15,45,10,5,19,6,5,7,5,0,0,2,0
354,ldr,50000,3,35,34,east,31,3,1,77,77,1,42,1,13,28,0,6,6,8,0,0,4,0
354,ldr,50000,3,35,44,east,41,4,1,43,43,9,26,4,0,9,1,0,1,0,0,0,0,2
354,ldr,50000,3,35,15,east,12,1,2,5,5,10,4,8,12,3,3,12,18,0,1,3,0,0
354,ldr,50000,3,35,25,east,22,2,2,56,56,6,45,6,9,32,2,9,11,5,1,2,4,0
354,ldr,50000,3,35,35,east,32,3,2,69,69,0,57,0,2,37,0,2,17,4,0,0,3,0
354,ldr,50000,3,35,45,east,42,4,2,16,16,5,16,4,4,6,4,4,0,0,0,0,0,1
354,ldr,50000,3,35,16,east,13,1,3,7,7,1,7,1,1,2,0,0,4,1,0,0,0,0
354,ldr,50000,3,35,26,east,23,2,3,42,42,7,14,4,3,8,4,3,0,2,1,0,0,2
354,ldr,50000,3,35,36,east,33,3,3,43,43,1,23,1,1,12,1,1,4,0,0,0,0,0
354,ldr,50000,3,35,46,east,43,4,3,8,8,0,5,0,4,1,0,2,0,1,0,2,0,0
356,ldr,500,3,35,14,east,11,1,1,0,0,0,0,0,0,0,0,0,0,0,0,0,0,0
356,ldr,500,3,35,24,east,21,2,1,0,0,0,0,0,1,0,0,1,0,0,0,0,0,0
356,ldr,500,3,35,34,east,31,3,1,0,0,0,0,0,1,0,0,1,0,0,0,0,0,1
356,ldr,500,3,35,44,east,41,4,1,0,0,0,0,0,1,0,0,1,0,0,0,1,0,0
356,ldr,500,3,35,15,east,12,1,2,0,0,0,0,0,0,0,0,0,1,0,0,0,1,0
356,ldr,500,3,35,25,east,22,2,2,0,0,0,0,0,0,0,0,0,0,0,0,0,0,1
356,ldr,500,3,35,35,east,32,3,2,0,0,0,0,0,1,0,0,1,0,0,0,0,0,0
356,ldr,500,3,35,45,east,42,4,2,0,0,0,0,0,0,0,0,0,0,0,0,0,0,0
356,ldr,500,3,35,16,east,13,1,3,0,0,0,0,0,0,0,0,0,0,0,0,0,0,0
356,ldr,500,3,35,26,east,23,2,3,0,0,0,0,0,0,0,0,0,0,0,0,0,0,0
356,ldr,500,3,35,36,east,33,3,3,0,0,0,0,0,0,0,0,0,0,0,0,0,0,0
356,ldr,500,3,35,46,east,43,4,3,0,0,0,0,0,0,0,0,0,0,0,0,0,0,1
359,ldr,50,3,35,11,west,11,1,1,0,0,0,0,0,0,0,0,0,1,0,0,0,0,0
359,ldr,50,3,35,21,west,21,2,1,0,0,0,0,0,0,0,0,0,0,0,0,0,0,0
359,ldr,50,3,35,31,west,31,3,1,0,0,0,0,0,0,0,0,0,0,0,0,0,0,0
359,ldr,50,3,35,41,west,41,4,1,0,0,0,0,0,0,0,0,0,0,0,0,0,0,0
359,ldr,50,3,35,12,west,12,1,2,0,0,0,0,0,0,0,0,0,0,0,0,0,0,0
359,ldr,50,3,35,22,west,22,2,2,0,0,0,0,0,0,0,0,0,0,0,0,0,0,0
359,ldr,50,3,35,32,west,32,3,2,0,0,0,0,0,0,0,0,0,0,0,0,0,0,0
359,ldr,50,3,35,42,west,42,4,2,0,0,0,0,0,0,0,0,0,0,0,0,0,0,0
359,ldr,50,3,35,13,west,13,1,3,0,0,1,0,0,0,0,0,0,0,0,0,0,0,0
359,ldr,50,3,35,23,west,23,2,3,0,0,0,0,0,0,0,0,0,0,0,0,0,0,0
359,ldr,50,3,35,33,west,33,3,3,0,0,0,0,0,0,0,0,0,0,0,0,0,0,0
359,ldr,50,3,35,43,west,43,4,3,0,0,0,0,0,0,0,0,0,0,0,0,0,0,0
411,bare,50,4,41,14,east,11,1,1,0,0,0,0,0,0,0,0,0,0,0,0,0,0,0
411,bare,50,4,41,24,east,21,2,1,0,0,0,0,0,0,0,0,0,0,0,0,0,0,1
411,bare,50,4,41,34,east,31,3,1,0,0,0,0,0,0,0,0,0,0,0,0,0,0,0
411,bare,50,4,41,44,east,41,4,1,0,0,0,0,0,0,0,0,0,0,0,0,0,0,0
411,bare,50,4,41,15,east,12,1,2,0,0,0,0,0,0,0,0,0,0,0,0,0,0,0
411,bare,50,4,41,25,east,22,2,2,0,0,0,0,0,0,0,0,0,0,0,0,0,0,0
411,bare,50,4,41,35,east,32,3,2,0,0,0,0,0,0,0,0,0,0,0,0,0,0,0
411,bare,50,4,41,45,east,42,4,2,0,0,0,0,0,0,0,0,0,0,0,0,0,0,0
411,bare,50,4,41,16,east,13,1,3,0,0,0,0,0,0,0,0,0,0,0,0,0,0,0
411,bare,50,4,41,26,east,23,2,3,0,0,0,0,0,0,0,0,0,0,0,0,0,0,0
411,bare,50,4,41,36,east,33,3,3,0,0,0,0,0,0,0,0,0,0,0,0,0,0,0
411,bare,50,4,41,46,east,43,4,3,0,0,0,0,0,0,0,0,0,0,0,0,0,0,0
414,bare,5000,4,41,14,east,11,1,1,0,0,0,0,0,0,0,0,0,0,0,0,0,0,0
414,bare,5000,4,41,24,east,21,2,1,1,1,0,0,0,0,0,0,0,0,0,0,0,0,0
414,bare,5000,4,41,34,east,31,3,1,0,0,0,0,0,0,0,0,0,0,0,0,0,0,0
414,bare,5000,4,41,44,east,41,4,1,0,0,0,0,0,0,0,0,0,0,0,0,0,0,0
414,bare,5000,4,41,15,east,12,1,2,0,0,0,0,0,1,0,0,0,0,0,0,0,0,0
414,bare,5000,4,41,25,east,22,2,2,1,1,0,0,0,0,0,0,0,0,0,0,0,0,0
414,bare,5000,4,41,35,east,32,3,2,1,1,0,1,0,0,1,0,0,0,0,0,0,0,0
414,bare,5000,4,41,45,east,42,4,2,0,0,0,0,0,0,0,0,0,0,0,0,0,0,0
414,bare,5000,4,41,16,east,13,1,3,0,0,0,0,0,0,0,0,0,0,0,0,0,0,0
414,bare,5000,4,41,26,east,23,2,3,0,0,0,0,0,0,0,0,0,0,0,0,0,0,0
414,bare,5000,4,41,36,east,33,3,3,0,0,0,0,0,0,0,0,0,0,0,0,0,0,0
414,bare,5000,4,41,46,east,43,4,3,0,0,0,0,0,0,0,0,0,0,0,0,0,0,0
415,bare,50000,4,41,14,east,11,1,1,2,2,2,1,0,6,1,0,5,0,0,0,0,0,0
415,bare,50000,4,41,24,east,21,2,1,21,21,21,11,14,30,11,12,15,1,11,12,13,1,1
415,bare,50000,4,41,34,east,31,3,1,24,19,0,17,0,13,9,0,7,3,8,0,4,0,0
415,bare,50000,4,41,44,east,41,4,1,24,23,4,19,4,4,12,3,3,2,11,2,2,2,0
415,bare,50000,4,41,15,east,12,1,2,1,1,0,0,0,1,0,0,1,0,0,0,0,0,0
415,bare,50000,4,41,25,east,22,2,2,20,20,24,20,22,12,14,16,10,0,13,12,10,0,4
415,bare,50000,4,41,35,east,32,3,2,19,11,3,7,2,7,4,1,6,0,2,0,2,0,0
415,bare,50000,4,41,45,east,42,4,2,5,5,2,1,1,1,0,0,1,0,0,0,1,0,0
415,bare,50000,4,41,16,east,13,1,3,2,2,0,0,0,0,0,0,0,0,0,0,0,0,0
415,bare,50000,4,41,26,east,23,2,3,6,4,2,2,2,3,0,1,3,1,0,0,3,0,0
415,bare,50000,4,41,36,east,33,3,3,2,2,12,0,4,5,0,1,2,0,0,1,0,0,1
415,bare,50000,4,41,46,east,43,4,3,1,0,0,0,0,0,0,0,0,2,0,0,0,1,0
418,bare,5000,4,41,14,east,11,1,1,2,2,0,1,0,0,1,0,0,0,0,0,0,0,0
418,bare,5000,4,41,24,east,21,2,1,1,1,1,0,0,0,0,0,0,0,0,0,0,0,1
418,bare,5000,4,41,34,east,31,3,1,0,0,1,0,0,1,0,0,1,0,0,0,0,0,1
418,bare,5000,4,41,44,east,41,4,1,0,0,0,0,0,0,0,0,0,0,0,0,0,0,0
418,bare,5000,4,41,15,east,12,1,2,0,0,2,0,0,0,0,0,0,0,0,0,0,0,0
418,bare,5000,4,41,25,east,22,2,2,3,1,1,0,0,1,0,0,0,0,0,0,0,0,1
418,bare,5000,4,41,35,east,32,3,2,0,0,1,0,0,0,0,0,0,0,0,0,0,0,0
418,bare,5000,4,41,45,east,42,4,2,1,1,0,0,0,3,0,0,2,0,0,0,1,0,0
418,bare,5000,4,41,16,east,13,1,3,0,0,2,0,0,0,0,0,0,0,0,0,0,0,0
418,bare,5000,4,41,26,east,23,2,3,1,1,0,1,0,1,1,0,1,0,1,0,1,0,0
418,bare,5000,4,41,36,east,33,3,3,2,2,0,1,0,0,0,0,0,0,0,0,0,0,0
418,bare,5000,4,41,46,east,43,4,3,0,0,0,0,0,0,0,0,0,0,0,0,0,0,0
423,hdshoots,5000,4,42,11,west,11,1,1,5,5,4,5,4,0,1,4,0,3,0,0,0,0,1
423,hdshoots,5000,4,42,21,west,21,2,1,0,0,0,0,0,0,0,0,0,1,0,0,0,0,0
423,hdshoots,5000,4,42,31,west,31,3,1,4,4,0,4,0,0,0,0,0,0,0,0,0,0,0
423,hdshoots,5000,4,42,41,west,41,4,1,1,1,1,1,1,0,0,0,0,1,0,0,0,0,0
423,hdshoots,5000,4,42,12,west,12,1,2,0,0,0,0,0,0,0,0,0,5,0,0,0,0,0
423,hdshoots,5000,4,42,22,west,22,2,2,7,5,1,5,1,0,2,1,0,2,0,0,0,0,0
423,hdshoots,5000,4,42,32,west,32,3,2,4,4,1,4,1,0,0,0,0,2,0,0,0,0,0
423,hdshoots,5000,4,42,42,west,42,4,2,1,1,1,1,1,0,1,0,0,2,1,0,0,0,0
423,hdshoots,5000,4,42,13,west,13,1,3,11,11,2,11,2,0,10,0,0,8,0,0,0,0,0
423,hdshoots,5000,4,42,23,west,23,2,3,11,7,0,7,0,0,2,0,0,2,0,0,0,0,0
423,hdshoots,5000,4,42,33,west,33,3,3,8,3,0,3,0,0,1,0,0,3,0,0,0,0,0
423,hdshoots,5000,4,42,43,west,43,4,3,3,3,1,3,1,0,1,1,0,3,0,0,0,0,0
424,hdshoots,50,4,42,14,east,11,1,1,0,0,0,0,0,0,0,0,0,0,0,0,0,0,0
424,hdshoots,50,4,42,24,east,21,2,1,0,0,0,0,0,0,0,0,0,0,0,0,0,0,0
424,hdshoots,50,4,42,34,east,31,3,1,0,0,0,0,0,0,0,0,0,0,0,0,0,0,0
424,hdshoots,50,4,42,44,east,41,4,1,0,0,0,0,0,0,0,0,0,0,0,0,0,0,0
424,hdshoots,50,4,42,15,east,12,1,2,0,0,0,0,0,0,0,0,0,0,0,0,0,0,0
424,hdshoots,50,4,42,25,east,22,2,2,0,0,0,0,0,0,0,0,0,0,0,0,0,0,0
424,hdshoots,50,4,42,35,east,32,3,2,0,0,0,0,0,0,0,0,0,0,0,0,0,0,0
424,hdshoots,50,4,42,45,east,42,4,2,0,0,0,0,0,0,0,0,0,0,0,0,0,0,0
424,hdshoots,50,4,42,16,east,13,1,3,0,0,0,0,0,0,0,0,0,0,0,0,0,0,0
424,hdshoots,50,4,42,26,east,23,2,3,0,0,0,0,0,0,0,0,0,0,0,0,0,0,0
424,hdshoots,50,4,42,36,east,33,3,3,0,0,0,0,0,0,0,0,0,0,0,0,0,0,0
424,hdshoots,50,4,42,46,east,43,4,3,0,0,0,0,0,0,0,0,0,0,0,0,0,0,0
428,hdshoots,50000,4,42,14,east,11,1,1,36,31,1,31,1,0,16,1,0,6,0,0,0,0,0
428,hdshoots,50000,4,42,24,east,21,2,1,40,38,5,38,5,0,25,0,0,23,0,0,0,1,0
428,hdshoots,50000,4,42,34,east,31,3,1,29,29,3,29,3,0,17,3,0,30,3,0,0,0,0
428,hdshoots,50000,4,42,44,east,41,4,1,23,23,2,23,2,0,21,2,0,27,0,2,0,3,0
428,hdshoots,50000,4,42,15,east,12,1,2,11,11,5,11,5,0,6,4,0,13,0,0,0,1,0
428,hdshoots,50000,4,42,25,east,22,2,2,24,24,0,24,0,0,18,0,0,13,1,0,0,0,0
428,hdshoots,50000,4,42,35,east,32,3,2,41,36,5,36,5,0,22,5,0,10,0,0,0,0,0
428,hdshoots,50000,4,42,45,east,42,4,2,29,29,10,29,10,0,15,10,0,4,0,1,0,0,0
428,hdshoots,50000,4,42,16,east,13,1,3,11,11,1,11,1,0,4,1,0,0,0,0,0,0,0
428,hdshoots,50000,4,42,26,east,23,2,3,11,11,10,11,10,0,11,10,0,17,0,0,0,0,0
428,hdshoots,50000,4,42,36,east,33,3,3,24,24,7,24,7,0,22,7,0,8,1,0,0,0,0
428,hdshoots,50000,4,42,46,east,43,4,3,33,33,0,33,0,0,33,0,0,31,1,0,0,2,0
429,hdshoots,500,4,42,14,east,11,1,1,0,0,0,0,0,0,0,0,0,0,0,0,0,0,0
429,hdshoots,500,4,42,24,east,21,2,1,0,0,0,0,0,0,0,0,0,0,0,0,0,0,0
429,hdshoots,500,4,42,34,east,31,3,1,1,1,1,1,1,0,0,0,0,0,0,0,0,0,0
429,hdshoots,500,4,42,44,east,41,4,1,0,0,0,0,0,0,0,0,0,0,0,0,0,0,0
429,hdshoots,500,4,42,15,east,12,1,2,0,0,0,0,0,0,0,0,0,0,0,0,0,0,0
429,hdshoots,500,4,42,25,east,22,2,2,0,0,0,0,0,0,0,0,0,0,0,0,0,0,0
429,hdshoots,500,4,42,35,east,32,3,2,0,0,0,0,0,0,0,0,0,0,0,0,0,0,0
429,hdshoots,500,4,42,45,east,42,4,2,0,0,0,0,0,0,0,0,0,0,0,0,0,0,0
429,hdshoots,500,4,42,16,east,13,1,3,0,0,0,0,0,0,0,0,0,2,0,0,0,0,0
429,hdshoots,500,4,42,26,east,23,2,3,0,0,1,0,1,0,0,0,0,0,0,0,0,0,0
429,hdshoots,500,4,42,36,east,33,3,3,0,0,0,0,0,0,0,0,0,0,0,0,0,0,0
429,hdshoots,500,4,42,46,east,43,4,3,0,0,0,0,0,0,0,0,0,0,0,0,0,0,0
431,ldr,500,4,43,11,west,11,1,1,0,0,0,0,0,1,0,0,1,0,0,0,1,0,0
431,ldr,500,4,43,21,west,21,2,1,0,0,0,0,0,2,0,0,2,0,0,0,0,0,0
431,ldr,500,4,43,31,west,31,3,1,1,1,0,1,0,3,0,0,0,1,0,0,0,0,0
431,ldr,500,4,43,41,west,41,4,1,0,0,0,0,0,1,0,0,1,0,0,0,0,0,0
431,ldr,500,4,43,12,west,12,1,2,0,0,0,0,0,1,0,0,1,0,0,0,1,0,0
431,ldr,500,4,43,22,west,22,2,2,0,0,2,0,0,2,0,0,1,0,0,0,1,0,0
431,ldr,500,4,43,32,west,32,3,2,1,1,1,0,0,1,0,0,1,1,0,0,0,0,0
431,ldr,500,4,43,42,west,42,4,2,0,0,3,0,0,1,0,0,1,1,0,0,0,1,0
431,ldr,500,4,43,13,west,13,1,3,0,0,0,0,0,0,0,0,0,0,0,0,0,0,0
431,ldr,500,4,43,23,west,23,2,3,0,0,0,0,0,0,0,0,0,0,0,0,0,0,0
431,ldr,500,4,43,33,west,33,3,3,0,0,1,0,1,2,0,0,1,1,0,0,0,0,0
431,ldr,500,4,43,43,west,43,4,3,0,0,0,0,0,0,0,0,0,2,0,0,0,0,0
433,ldr,5000,4,43,14,east,11,1,1,0,0,1,0,1,9,0,1,6,5,0,1,1,1,0
433,ldr,5000,4,43,24,east,21,2,1,0,0,0,0,0,6,0,0,6,0,0,0,3,0,0
433,ldr,5000,4,43,34,east,31,3,1,0,0,0,0,0,14,0,0,14,9,0,0,2,3,0
433,ldr,5000,4,43,44,east,41,4,1,0,0,0,0,0,6,0,0,6,4,0,0,3,2,0
433,ldr,5000,4,43,15,east,12,1,2,1,1,0,1,0,4,1,0,4,4,0,0,1,0,0
433,ldr,5000,4,43,25,east,22,2,2,6,5,1,2,1,3,2,0,2,0,0,0,1,0,0
433,ldr,5000,4,43,35,east,32,3,2,0,0,0,0,0,8,0,0,6,8,0,0,0,0,0
433,ldr,5000,4,43,45,east,42,4,2,0,0,0,0,0,26,0,0,19,7,0,0,5,0,0
433,ldr,5000,4,43,16,east,13,1,3,0,0,0,0,0,0,0,0,0,0,0,0,0,0,0
433,ldr,5000,4,43,26,east,23,2,3,0,0,0,0,0,3,0,0,3,3,0,0,0,0,0
433,ldr,5000,4,43,36,east,33,3,3,3,3,0,1,0,4,1,0,2,2,0,0,0,0,0
433,ldr,5000,4,43,46,east,43,4,3,0,0,0,0,0,9,0,0,9,3,0,0,4,1,0
435,ldr,50,4,43,14,east,11,1,1,0,0,0,0,0,0,0,0,0,0,0,0,0,0,0
435,ldr,50,4,43,24,east,21,2,1,0,0,0,0,0,0,0,0,0,0,0,0,0,0,0
435,ldr,50,4,43,34,east,31,3,1,0,0,0,0,0,0,0,0,0,0,0,0,0,0,0
435,ldr,50,4,43,44,east,41,4,1,0,0,0,0,0,0,0,0,0,0,0,0,0,0,0
435,ldr,50,4,43,15,east,12,1,2,0,0,0,0,0,0,0,0,0,0,0,0,0,0,0
435,ldr,50,4,43,25,east,22,2,2,0,0,0,0,0,0,0,0,0,0,0,0,0,0,0
435,ldr,50,4,43,35,east,32,3,2,0,0,0,0,0,0,0,0,0,0,0,0,0,0,0
435,ldr,50,4,43,45,east,42,4,2,0,0,0,0,0,0,0,0,0,0,0,0,0,0,0
435,ldr,50,4,43,16,east,13,1,3,0,0,0,0,0,0,0,0,0,0,0,0,0,0,0
435,ldr,50,4,43,26,east,23,2,3,0,0,0,0,0,0,0,0,0,0,0,0,0,0,0
435,ldr,50,4,43,36,east,33,3,3,0,0,0,0,0,0,0,0,0,0,0,0,0,0,0
435,ldr,50,4,43,46,east,43,4,3,0,0,0,0,0,0,0,0,0,0,0,0,0,0,0
436,ldr,50000,4,43,14,east,11,1,1,14,14,3,6,2,38,2,2,21,1,2,2,8,1,0
436,ldr,50000,4,43,24,east,21,2,1,33,33,1,19,0,16,8,0,4,0,1,0,0,0,0
436,ldr,50000,4,43,34,east,31,3,1,7,7,7,6,4,85,2,2,40,1,1,1,13,0,0
436,ldr,50000,4,43,44,east,41,4,1,7,7,0,5,0,95,5,0,71,6,0,0,21,2,0
436,ldr,50000,4,43,15,east,12,1,2,16,16,0,7,0,37,7,0,23,3,4,0,13,0,0
436,ldr,50000,4,43,25,east,22,2,2,30,30,6,4,1,5,1,1,3,3,0,0,1,2,1
436,ldr,50000,4,43,35,east,32,3,2,7,7,4,5,3,24,4,1,10,3,2,0,5,2,0
436,ldr,50000,4,43,45,east,42,4,2,8,8,0,8,0,120,7,0,75,2,5,0,44,2,0
436,ldr,50000,4,43,16,east,13,1,3,19,19,0,16,0,14,10,0,12,1,7,0,5,0,0
436,ldr,50000,4,43,26,east,23,2,3,39,39,3,13,0,4,12,0,0,1,5,0,0,1,2
436,ldr,50000,4,43,36,east,33,3,3,1,1,6,1,5,7,0,0,5,6,0,0,5,6,0
436,ldr,50000,4,43,46,east,43,4,3,7,7,0,7,0,28,5,0,10,4,,0,7,2,0
442,hdr,50000,4,44,14,east,11,1,1,51,51,25,27,17,28,21,14,23,19,20,14,20,14,0
442,hdr,50000,4,44,24,east,21,2,1,38,34,5,24,5,66,21,5,47,17,20,5,46,14,0
442,hdr,50000,4,44,34,east,31,3,1,50,50,16,31,0,15,20,1,13,26,19,1,12,22,6
442,hdr,50000,4,44,44,east,41,4,1,38,29,10,21,5,45,17,5,45,18,9,2,21,7,0
442,hdr,50000,4,44,15,east,12,1,2,56,56,6,34,6,49,33,6,29,45,26,6,26,39,0
442,hdr,50000,4,44,25,east,22,2,2,42,42,11,40,11,59,40,11,59,47,33,11,56,47,0
442,hdr,50000,4,44,35,east,32,3,2,52,52,21,45,21,41,44,21,39,32,44,21,37,31,0
442,hdr,50000,4,44,45,east,42,4,2,52,52,4,45,4,44,44,3,37,25,41,1,24,9,0
442,hdr,50000,4,44,16,east,13,1,3,18,18,4,15,2,26,4,2,11,6,4,1,7,6,3
442,hdr,50000,4,44,26,east,23,2,3,49,46,4,36,2,18,36,2,16,10,36,2,14,6,0
442,hdr,50000,4,44,36,east,33,3,3,58,48,0,46,0,39,46,0,39,33,43,0,39,22,0
442,hdr,50000,4,44,46,east,43,4,3,37,37,0,28,0,23,26,0,19,22,26,0,18,20,0
443,hdr,50,4,44,14,east,11,1,1,0,0,0,0,0,0,0,0,0,0,0,0,0,0,0
443,hdr,50,4,44,24,east,21,2,1,0,0,0,0,0,0,0,0,0,0,0,0,0,0,0
443,hdr,50,4,44,34,east,31,3,1,0,0,0,0,0,0,0,0,0,0,0,0,0,0,0
443,hdr,50,4,44,44,east,41,4,1,0,0,0,0,0,0,0,0,0,0,0,0,0,0,0
443,hdr,50,4,44,15,east,12,1,2,0,0,0,0,0,0,0,0,0,0,0,0,0,0,0
443,hdr,50,4,44,25,east,22,2,2,0,0,0,0,0,0,0,0,0,0,0,0,0,0,0
443,hdr,50,4,44,35,east,32,3,2,0,0,0,0,0,0,0,0,0,0,0,0,0,0,0
443,hdr,50,4,44,45,east,42,4,2,0,0,1,0,0,0,0,0,0,0,0,0,0,0,1
443,hdr,50,4,44,16,east,13,1,3,0,0,0,0,0,0,0,0,0,0,0,0,0,0,0
443,hdr,50,4,44,26,east,23,2,3,0,0,0,0,0,0,0,0,0,1,0,0,0,0,0
443,hdr,50,4,44,36,east,33,3,3,0,0,0,0,0,0,0,0,0,0,0,0,0,0,0
443,hdr,50,4,44,46,east,43,4,3,0,0,0,0,0,0,0,0,0,0,0,0,0,0,0
445,hdr,500,4,44,14,east,11,1,1,0,0,0,0,0,0,0,0,0,2,0,0,0,0,1
445,hdr,500,4,44,24,east,21,2,1,0,0,0,0,0,0,0,0,0,1,0,0,0,0,0
445,hdr,500,4,44,34,east,31,3,1,0,0,0,0,0,0,0,0,0,2,0,0,0,0,0
445,hdr,500,4,44,44,east,41,4,1,0,0,0,0,0,1,0,0,1,0,0,0,0,0,0
445,hdr,500,4,44,15,east,12,1,2,0,0,0,0,0,0,0,0,0,0,0,0,0,0,0
445,hdr,500,4,44,25,east,22,2,2,0,0,0,0,0,0,0,0,0,2,0,0,1,1,0
445,hdr,500,4,44,35,east,32,3,2,0,0,0,0,0,1,0,0,1,0,0,0,0,0,0
445,hdr,500,4,44,45,east,42,4,2,0,0,0,0,0,2,0,0,2,3,0,0,0,1,0
445,hdr,500,4,44,16,east,13,1,3,0,0,0,0,0,0,0,0,0,1,0,0,0,0,0
445,hdr,500,4,44,26,east,23,2,3,0,0,0,0,0,0,0,0,0,0,0,0,0,0,1
445,hdr,500,4,44,36,east,33,3,3,0,0,0,0,0,0,0,0,0,0,0,0,0,0,1
445,hdr,500,4,44,46,east,43,4,3,0,0,0,0,0,0,0,0,0,1,0,0,0,0,0
448,hdr,5000,4,44,14,east,11,1,1,0,0,0,0,0,18,0,0,13,3,0,0,5,1,0
448,hdr,5000,4,44,24,east,21,2,1,2,2,2,2,2,7,2,2,3,2,1,0,1,0,0
448,hdr,5000,4,44,34,east,31,3,1,1,1,1,1,1,8,1,1,7,1,0,1,2,0,0
448,hdr,5000,4,44,44,east,41,4,1,0,0,5,0,1,5,0,0,5,6,0,0,1,1,0
448,hdr,5000,4,44,15,east,12,1,2,0,0,2,0,2,13,0,2,13,14,0,1,8,3,0
448,hdr,5000,4,44,25,east,22,2,2,5,5,7,5,6,15,5,4,15,4,1,3,3,1,0
448,hdr,5000,4,44,35,east,32,3,2,3,3,1,0,1,23,0,1,22,13,0,1,17,9,0
448,hdr,5000,4,44,45,east,42,4,2,2,2,0,0,0,9,0,0,7,4,0,0,4,2,0
448,hdr,5000,4,44,16,east,13,1,3,0,0,2,0,0,10,0,0,10,8,0,0,2,3,0
448,hdr,5000,4,44,26,east,23,2,3,0,0,1,0,0,10,0,0,10,0,0,0,6,0,0
448,hdr,5000,4,44,36,east,33,3,3,2,2,1,0,0,8,0,0,7,4,0,0,3,3,0
448,hdr,5000,4,44,46,east,43,4,3,1,1,0,0,0,1,0,0,1,2,0,0,0,0,0
452,ldshoots,50,4,45,11,east,11,1,1,0,0,0,0,0,0,0,0,0,0,0,0,0,0,0
452,ldshoots,50,4,45,21,east,21,2,1,0,0,0,0,0,0,0,0,0,0,0,0,0,0,0
452,ldshoots,50,4,45,31,east,31,3,1,0,0,0,0,0,0,0,0,0,0,0,0,0,0,0
452,ldshoots,50,4,45,41,east,41,4,1,0,0,0,0,0,0,0,0,0,0,0,0,0,0,0
452,ldshoots,50,4,45,12,east,12,1,2,0,0,0,0,0,0,0,0,0,0,0,0,0,0,0
452,ldshoots,50,4,45,22,east,22,2,2,0,0,0,0,0,0,0,0,0,0,0,0,0,0,0
452,ldshoots,50,4,45,32,east,32,3,2,1,1,0,1,0,0,1,0,0,0,0,0,0,0,0
452,ldshoots,50,4,45,42,east,42,4,2,0,0,0,0,0,0,0,0,0,0,0,0,0,0,0
452,ldshoots,50,4,45,13,east,13,1,3,0,0,0,0,0,0,0,0,0,0,0,0,0,0,0
452,ldshoots,50,4,45,23,east,23,2,3,0,0,0,0,0,0,0,0,0,0,0,0,0,0,0
452,ldshoots,50,4,45,33,east,33,3,3,0,0,0,0,0,0,0,0,0,0,0,0,0,0,0
452,ldshoots,50,4,45,43,east,43,4,3,0,0,0,0,0,0,0,0,0,0,0,0,0,0,0
455,ldshoots,50000,4,45,14,east,11,1,1,47,47,4,47,4,0,34,0,0,22,1,0,0,1,0
455,ldshoots,50000,4,45,24,east,21,2,1,37,37,4,37,4,0,29,4,0,29,2,0,0,5,2
455,ldshoots,50000,4,45,34,east,31,3,1,38,38,2,38,2,0,8,0,0,32,3,0,0,8,2
455,ldshoots,50000,4,45,44,east,41,4,1,4,4,1,4,1,0,0,0,0,15,0,0,0,3,0
455,ldshoots,50000,4,45,15,east,12,1,2,24,24,0,24,0,0,7,0,0,15,1,0,0,2,0
455,ldshoots,50000,4,45,25,east,22,2,2,20,20,0,20,0,0,18,0,0,9,8,0,0,6,0
455,ldshoots,50000,4,45,35,east,32,3,2,14,14,1,14,1,0,4,0,0,2,2,0,0,1,0
455,ldshoots,50000,4,45,45,east,42,4,2,8,8,0,8,0,0,3,0,0,4,1,0,0,0,3
455,ldshoots,50000,4,45,16,east,13,1,3,8,8,0,8,0,0,1,0,0,19,0,0,0,6,0
455,ldshoots,50000,4,45,26,east,23,2,3,5,5,0,5,0,0,4,0,0,14,4,0,0,2,3
455,ldshoots,50000,4,45,36,east,33,3,3,4,4,0,4,0,0,3,0,0,9,0,0,0,0,0
455,ldshoots,50000,4,45,46,east,43,4,3,1,1,0,1,0,0,0,0,0,9,0,0,0,4,0
456,ldshoots,500,4,45,14,east,11,1,1,0,0,0,0,0,0,0,0,0,0,0,0,0,0,0
456,ldshoots,500,4,45,24,east,21,2,1,0,0,0,0,0,0,0,0,0,0,0,0,0,0,0
456,ldshoots,500,4,45,34,east,31,3,1,0,0,0,0,0,0,0,0,0,0,0,0,0,0,0
456,ldshoots,500,4,45,44,east,41,4,1,0,0,0,0,0,0,0,0,0,0,0,0,0,0,0
456,ldshoots,500,4,45,15,east,12,1,2,0,0,0,0,0,0,0,0,0,0,0,0,0,0,0
456,ldshoots,500,4,45,25,east,22,2,2,0,0,0,0,0,0,0,0,0,0,0,0,0,0,0
456,ldshoots,500,4,45,35,east,32,3,2,0,0,0,0,0,0,0,0,0,0,0,0,0,0,0
456,ldshoots,500,4,45,45,east,42,4,2,0,0,0,0,0,0,0,0,0,1,0,0,0,0,0
456,ldshoots,500,4,45,16,east,13,1,3,0,0,0,0,0,0,0,0,0,0,0,0,0,0,0
456,ldshoots,500,4,45,26,east,23,2,3,1,1,0,1,0,0,0,0,0,0,0,0,0,0,0
456,ldshoots,500,4,45,36,east,33,3,3,0,0,0,0,0,0,0,0,0,0,0,0,0,0,0
456,ldshoots,500,4,45,46,east,43,4,3,0,0,0,0,0,0,0,0,0,1,0,0,0,0,0
458,ldshoots,5000,4,45,14,east,11,1,1,4,3,0,3,0,0,3,0,0,8,1,0,0,2,0
458,ldshoots,5000,4,45,24,east,21,2,1,2,1,1,1,1,0,0,1,0,2,0,0,0,0,1
458,ldshoots,5000,4,45,34,east,31,3,1,3,3,1,3,1,0,0,0,0,6,,0,0,0,0
458,ldshoots,5000,4,45,44,east,41,4,1,2,0,0,0,0,0,0,0,0,2,0,0,0,1,0
458,ldshoots,5000,4,45,15,east,12,1,2,2,1,0,1,0,0,0,0,0,4,0,0,0,2,0
458,ldshoots,5000,4,45,25,east,22,2,2,1,1,0,1,0,0,0,0,0,1,0,0,0,0,0
458,ldshoots,5000,4,45,35,east,32,3,2,2,2,0,2,0,0,0,0,0,1,0,0,0,0,1
458,ldshoots,5000,4,45,45,east,42,4,2,1,1,0,1,0,0,0,0,0,0,0,0,0,0,0
458,ldshoots,5000,4,45,16,east,13,1,3,0,0,0,0,0,0,0,0,0,1,0,0,0,0,0
458,ldshoots,5000,4,45,26,east,23,2,3,0,0,0,0,0,0,0,0,0,0,0,0,0,0,0
458,ldshoots,5000,4,45,36,east,33,3,3,0,0,0,0,0,0,0,0,0,0,0,0,0,0,0
458,ldshoots,5000,4,45,46,east,43,4,3,1,1,0,1,0,0,0,0,0,2,0,0,0,0,0
513,hdshoots,500,5,51,11,west,11,1,1,0,0,0,0,0,0,0,0,0,0,0,0,0,0,0
513,hdshoots,500,5,51,21,west,21,2,1,0,0,0,0,0,0,0,0,0,0,0,0,0,0,0
513,hdshoots,500,5,51,31,west,31,3,1,0,0,0,0,0,0,0,0,0,0,0,0,0,0,0
513,hdshoots,500,5,51,41,west,41,4,1,1,1,0,1,0,0,1,0,0,0,1,0,0,0,0
513,hdshoots,500,5,51,12,west,12,1,2,0,0,0,0,0,0,0,0,0,0,0,0,0,0,0
513,hdshoots,500,5,51,22,west,22,2,2,1,1,0,1,0,0,0,0,0,0,0,0,0,0,0
513,hdshoots,500,5,51,32,west,32,3,2,0,0,0,0,0,0,0,0,0,0,0,0,0,0,0
513,hdshoots,500,5,51,42,west,42,4,2,0,0,0,0,0,0,0,0,0,1,0,0,0,0,0
513,hdshoots,500,5,51,13,west,13,1,3,0,0,0,0,0,0,0,0,0,0,0,0,0,0,0
513,hdshoots,500,5,51,23,west,23,2,3,0,0,1,0,1,0,0,1,0,1,0,0,0,0,0
513,hdshoots,500,5,51,33,west,33,3,3,0,0,0,0,0,0,0,0,0,0,0,0,0,0,0
513,hdshoots,500,5,51,43,west,43,4,3,1,1,0,1,0,0,0,0,0,0,0,0,0,0,1
515,hdshoots,5000,5,51,14,east,11,1,1,2,1,3,1,3,0,1,3,0,5,0,0,0,0,0
515,hdshoots,5000,5,51,24,east,21,2,1,1,1,4,1,4,0,0,4,0,3,0,1,0,0,1
515,hdshoots,5000,5,51,34,east,31,3,1,10,7,4,7,4,0,2,3,0,3,0,0,0,0,0
515,hdshoots,5000,5,51,44,east,41,4,1,3,0,4,0,4,0,0,0,0,2,0,0,0,1,0
515,hdshoots,5000,5,51,15,east,12,1,2,1,1,5,1,5,0,1,3,0,8,1,1,0,0,0
515,hdshoots,5000,5,51,25,east,22,2,2,0,0,3,0,3,0,0,2,0,6,0,1,0,0,0
515,hdshoots,5000,5,51,35,east,32,3,2,2,1,7,1,7,0,0,3,0,3,0,1,0,0,0
515,hdshoots,5000,5,51,45,east,42,4,2,2,0,1,0,1,0,0,0,0,1,0,0,0,0,0
515,hdshoots,5000,5,51,16,east,13,1,3,6,3,9,3,9,0,0,5,0,14,0,2,0,1,0
515,hdshoots,5000,5,51,26,east,23,2,3,0,0,0,0,0,0,0,0,0,2,0,0,0,0,0
515,hdshoots,5000,5,51,36,east,33,3,3,1,1,2,1,2,0,1,2,0,3,0,0,0,0,0
515,hdshoots,5000,5,51,46,east,43,4,3,2,0,0,0,0,0,0,0,0,1,0,0,0,0,0
516,hdshoots,50000,5,51,14,east,11,1,1,8,8,18,8,18,0,2,12,0,6,0,0,0,0,0
516,hdshoots,50000,5,51,24,east,21,2,1,45,45,32,45,32,0,18,26,0,23,4,1,0,3,0
516,hdshoots,50000,5,51,34,east,31,3,1,35,35,42,35,42,0,14,43,0,0,5,7,0,0,0
516,hdshoots,50000,5,51,44,east,41,4,1,24,15,42,15,42,0,14,33,0,3,2,3,0,0,0
516,hdshoots,50000,5,51,15,east,12,1,2,15,11,51,11,51,0,6,20,0,2,0,1,0,0,0
516,hdshoots,50000,5,51,25,east,22,2,2,37,37,45,37,45,0,21,25,0,15,3,1,0,2,0
516,hdshoots,50000,5,51,35,east,32,3,2,36,34,42,34,42,0,33,37,0,3,4,5,0,0,0
516,hdshoots,50000,5,51,45,east,42,4,2,15,15,5,15,5,0,15,5,0,13,1,2,0,1,0
516,hdshoots,50000,5,51,16,east,13,1,3,2,2,3,2,3,0,1,3,0,4,0,0,0,0,1
516,hdshoots,50000,5,51,26,east,23,2,3,29,29,24,29,24,0,14,12,0,3,6,4,0,0,0
516,hdshoots,50000,5,51,36,east,33,3,3,15,11,14,11,14,0,14,11,0,0,3,5,0,0,0
516,hdshoots,50000,5,51,46,east,43,4,3,3,3,5,3,5,0,1,3,0,2,1,2,0,2,0
517,hdshoots,50,5,51,14,east,11,1,1,0,0,0,0,0,0,0,0,0,0,0,0,0,0,0
517,hdshoots,50,5,51,24,east,21,2,1,0,0,0,0,0,0,0,0,0,0,0,0,0,0,0
517,hdshoots,50,5,51,34,east,31,3,1,0,0,0,0,0,0,0,0,0,0,0,0,0,0,0
517,hdshoots,50,5,51,44,east,41,4,1,0,0,0,0,0,0,0,0,0,1,0,0,0,0,0
517,hdshoots,50,5,51,15,east,12,1,2,0,0,0,0,0,0,0,0,0,0,0,0,0,0,0
517,hdshoots,50,5,51,25,east,22,2,2,1,0,0,0,0,0,0,0,0,0,0,0,0,0,0
517,hdshoots,50,5,51,35,east,32,3,2,0,0,0,0,0,0,0,0,0,0,0,0,0,0,0
517,hdshoots,50,5,51,45,east,42,4,2,0,0,0,0,0,0,0,0,0,0,0,0,0,0,0
517,hdshoots,50,5,51,16,east,13,1,3,0,0,0,0,0,0,0,0,0,0,0,0,0,0,0
517,hdshoots,50,5,51,26,east,23,2,3,0,0,0,0,0,0,0,0,0,0,0,0,0,0,0
517,hdshoots,50,5,51,36,east,33,3,3,0,0,0,0,0,0,0,0,0,0,0,0,0,0,0
517,hdshoots,50,5,51,46,east,43,4,3,0,0,0,0,0,0,0,0,0,0,0,0,0,0,0
521,ldr,50000,5,52,14,east,11,1,1,31,22,11,9,3,37,3,1,16,0,0,0,2,0,0
521,ldr,50000,5,52,24,east,21,2,1,52,47,22,16,2,12,12,1,10,0,2,1,1,0,0
521,ldr,50000,5,52,34,east,31,3,1,50,42,14,21,3,1,6,1,1,0,3,1,0,0,0
521,ldr,50000,5,52,44,east,41,4,1,9,3,41,1,19,21,0,10,9,0,0,1,0,0,0
521,ldr,50000,5,52,15,east,12,1,2,28,21,6,20,6,31,15,6,11,0,4,2,2,0,0
521,ldr,50000,5,52,25,east,22,2,2,115,115,23,49,13,2,32,7,2,0,4,3,0,0,0
521,ldr,50000,5,52,35,east,32,3,2,58,50,33,45,33,7,4,8,2,0,2,6,0,0,0
521,ldr,50000,5,52,45,east,42,4,2,5,5,6,0,2,15,0,1,3,0,0,1,1,0,5
521,ldr,50000,5,52,16,east,13,1,3,10,7,1,7,1,27,3,0,4,0,0,0,1,0,0
521,ldr,50000,5,52,26,east,23,2,3,68,61,26,35,13,9,9,4,4,0,1,2,0,0,0
521,ldr,50000,5,52,36,east,33,3,3,22,22,48,14,16,9,5,1,0,0,1,0,0,0,1
521,ldr,50000,5,52,46,east,43,4,3,2,2,15,0,5,2,0,2,0,0,0,2,0,0,0
522,ldr,5000,5,52,14,east,11,1,1,3,3,0,1,0,8,0,0,0,0,0,0,0,0,0
522,ldr,5000,5,52,24,east,21,2,1,4,4,4,1,1,6,0,0,2,0,0,0,1,0,0
522,ldr,5000,5,52,34,east,31,3,1,0,0,0,0,0,2,0,0,2,0,0,0,0,0,0
522,ldr,5000,5,52,44,east,41,4,1,1,1,5,0,1,7,0,1,2,0,0,0,0,0,0
522,ldr,5000,5,52,15,east,12,1,2,2,1,6,1,2,1,0,0,0,0,0,0,0,0,1
522,ldr,5000,5,52,25,east,22,2,2,0,0,7,0,2,6,0,0,4,0,0,0,1,0,0
522,ldr,5000,5,52,35,east,32,3,2,0,0,1,0,1,5,0,0,0,0,0,0,0,0,1
522,ldr,5000,5,52,45,east,42,4,2,2,2,1,0,0,1,0,0,0,0,0,0,0,0,0
522,ldr,5000,5,52,16,east,13,1,3,1,1,2,1,2,1,1,0,0,1,0,0,0,0,0
522,ldr,5000,5,52,26,east,23,2,3,2,2,8,0,3,1,0,2,0,0,0,2,0,0,0
522,ldr,5000,5,52,36,east,33,3,3,0,0,4,0,0,3,0,0,0,0,0,0,0,0,0
522,ldr,5000,5,52,46,east,43,4,3,0,0,0,0,0,0,0,0,0,0,0,0,0,0,0
523,ldr,50,5,52,14,east,11,1,1,0,0,0,0,0,0,0,0,0,0,0,0,0,0,0
523,ldr,50,5,52,24,east,21,2,1,0,0,0,0,0,0,0,0,0,0,0,0,0,0,0
523,ldr,50,5,52,34,east,31,3,1,0,0,0,0,0,0,0,0,0,0,0,0,0,0,0
523,ldr,50,5,52,44,east,41,4,1,0,0,0,0,0,1,0,0,0,0,0,0,0,0,0
523,ldr,50,5,52,15,east,12,1,2,0,0,0,0,0,0,0,0,0,0,0,0,0,0,0
523,ldr,50,5,52,25,east,22,2,2,0,0,0,0,0,0,0,0,0,0,0,0,0,0,0
523,ldr,50,5,52,35,east,32,3,2,0,0,0,0,0,0,0,0,0,0,0,0,0,0,0
523,ldr,50,5,52,45,east,42,4,2,1,1,0,1,0,0,0,0,0,0,0,0,0,0,0
523,ldr,50,5,52,16,east,13,1,3,0,0,0,0,0,0,0,0,0,0,0,0,0,0,0
523,ldr,50,5,52,26,east,23,2,3,0,0,1,0,1,0,0,0,0,0,0,0,0,0,0
523,ldr,50,5,52,36,east,33,3,3,0,0,0,0,0,0,0,0,0,0,0,0,0,0,1
523,ldr,50,5,52,46,east,43,4,3,0,0,0,0,0,0,0,0,0,0,0,0,0,0,0
525,ldr,500,5,52,14,east,11,1,1,0,0,0,0,0,0,0,0,0,0,0,0,0,0,0
525,ldr,500,5,52,24,east,21,2,1,0,0,0,0,0,0,0,0,0,0,0,0,0,0,0
525,ldr,500,5,52,34,east,31,3,1,0,0,0,0,0,2,0,0,2,2,0,0,0,0,0
525,ldr,500,5,52,44,east,41,4,1,3,3,0,0,0,1,0,0,1,0,0,0,0,0,0
525,ldr,500,5,52,15,east,12,1,2,0,0,0,0,0,0,0,0,0,0,0,0,0,0,0
525,ldr,500,5,52,25,east,22,2,2,0,0,0,0,0,1,0,0,1,1,0,0,0,0,0
525,ldr,500,5,52,35,east,32,3,2,0,0,0,0,0,1,0,0,1,3,0,0,0,0,0
525,ldr,500,5,52,45,east,42,4,2,0,0,0,0,0,0,0,0,0,2,0,0,0,0,0
525,ldr,500,5,52,16,east,13,1,3,0,0,0,0,0,0,0,0,0,0,0,0,0,0,0
525,ldr,500,5,52,26,east,23,2,3,0,0,0,0,0,0,0,0,0,0,0,0,0,0,0
525,ldr,500,5,52,36,east,33,3,3,0,0,0,0,0,0,0,0,0,2,0,0,0,0,0
525,ldr,500,5,52,46,east,43,4,3,0,0,0,0,0,0,0,0,0,0,0,0,0,0,0
532,hdr,5000,5,53,14,east,11,1,1,0,0,3,0,0,3,0,0,3,1,0,0,0,0,0
532,hdr,5000,5,53,24,east,21,2,1,0,0,0,0,0,3,0,0,2,9,0,0,0,2,0
532,hdr,5000,5,53,34,east,31,3,1,0,0,3,0,0,8,0,0,8,5,0,0,6,2,0
532,hdr,5000,5,53,44,east,41,4,1,3,3,2,2,0,17,2,0,15,10,1,0,5,3,0
532,hdr,5000,5,53,15,east,12,1,2,2,2,5,0,2,5,0,2,5,2,0,1,0,0,0
532,hdr,5000,5,53,25,east,22,2,2,0,0,3,0,3,8,0,3,8,6,0,2,4,1,0
532,hdr,5000,5,53,35,east,32,3,2,2,2,0,1,0,4,1,0,4,6,1,0,0,1,0
532,hdr,5000,5,53,45,east,42,4,2,0,0,6,0,5,25,0,3,21,0,0,0,1,0,0
532,hdr,5000,5,53,16,east,13,1,3,0,0,6,0,1,1,0,1,1,3,0,0,1,1,0
532,hdr,5000,5,53,26,east,23,2,3,0,0,0,0,0,2,0,0,2,1,0,0,1,0,1
532,hdr,5000,5,53,36,east,33,3,3,0,0,7,0,2,1,0,2,1,3,0,2,0,1,0
532,hdr,5000,5,53,46,east,43,4,3,3,3,8,0,7,15,0,6,8,2,0,2,4,1,0
536,hdr,500,5,53,14,east,11,1,1,0,0,6,0,2,3,0,0,1,0,0,0,0,0,0
536,hdr,500,5,53,24,east,21,2,1,0,0,0,0,0,1,0,0,0,0,0,0,0,0,0
536,hdr,500,5,53,34,east,31,3,1,0,0,0,0,0,1,0,0,0,0,0,0,0,0,0
536,hdr,500,5,53,44,east,41,4,1,0,0,0,0,0,1,0,0,1,0,0,0,0,0,0
536,hdr,500,5,53,15,east,12,1,2,0,0,1,0,0,0,0,0,0,1,0,0,0,1,0
536,hdr,500,5,53,25,east,22,2,2,0,0,0,0,0,1,0,0,1,0,0,0,0,0,0
536,hdr,500,5,53,35,east,32,3,2,0,0,0,0,0,1,0,0,0,0,0,0,0,0,0
536,hdr,500,5,53,45,east,42,4,2,0,0,0,0,0,0,0,0,0,0,0,0,0,0,0
536,hdr,500,5,53,16,east,13,1,3,0,0,0,0,0,0,0,0,0,1,0,0,0,1,0
536,hdr,500,5,53,26,east,23,2,3,0,0,0,0,0,0,0,0,0,0,0,0,0,0,1
536,hdr,500,5,53,36,east,33,3,3,0,0,2,0,0,1,0,0,0,0,0,0,0,0,0
536,hdr,500,5,53,46,east,43,4,3,0,0,0,0,0,0,0,0,0,0,0,0,0,0,0
537,hdr,50,5,53,14,east,11,1,1,0,0,0,0,0,0,0,0,0,0,0,0,0,0,0
537,hdr,50,5,53,24,east,21,2,1,0,0,0,0,0,0,0,0,0,0,0,0,0,0,0
537,hdr,50,5,53,34,east,31,3,1,0,0,0,0,0,0,0,0,0,0,0,0,0,0,0
537,hdr,50,5,53,44,east,41,4,1,0,0,0,0,0,0,0,0,0,0,0,0,0,0,0
537,hdr,50,5,53,15,east,12,1,2,0,0,1,0,1,0,0,1,0,0,0,1,0,0,0
537,hdr,50,5,53,25,east,22,2,2,0,0,0,0,0,0,0,0,0,0,0,0,0,0,0
537,hdr,50,5,53,35,east,32,3,2,0,0,0,0,0,0,0,0,0,0,0,0,0,0,0
537,hdr,50,5,53,45,east,42,4,2,0,0,0,0,0,0,0,0,0,0,0,0,0,0,0
537,hdr,50,5,53,16,east,13,1,3,0,0,0,0,0,0,0,0,0,0,0,0,0,0,0
537,hdr,50,5,53,26,east,23,2,3,0,0,0,0,0,0,0,0,0,0,0,0,0,0,0
537,hdr,50,5,53,36,east,33,3,3,0,0,0,0,0,0,0,0,0,0,0,0,0,0,0
537,hdr,50,5,53,46,east,43,4,3,0,0,0,0,0,0,0,0,0,0,0,0,0,0,0
539,hdr,50000,5,53,14,east,11,1,1,23,23,0,9,0,31,9,0,23,0,7,0,12,0,0
539,hdr,50000,5,53,24,east,21,2,1,38,36,61,18,18,21,11,14,12,0,4,7,2,0,0
539,hdr,50000,5,53,34,east,31,3,1,37,37,33,11,7,10,8,4,5,0,6,3,2,0,1
539,hdr,50000,5,53,44,east,41,4,1,26,26,36,14,14,20,10,10,14,0,6,7,7,0,1
539,hdr,50000,5,53,15,east,12,1,2,30,27,47,15,22,14,8,15,11,1,2,2,7,1,0
539,hdr,50000,5,53,25,east,22,2,2,57,48,19,22,14,23,15,6,12,0,4,1,8,0,1
539,hdr,50000,5,53,35,east,32,3,2,20,19,27,5,13,3,3,8,2,0,3,6,1,0,1
539,hdr,50000,5,53,45,east,42,4,2,22,21,10,11,1,15,11,1,14,8,5,1,8,2,2
539,hdr,50000,5,53,16,east,13,1,3,6,6,0,0,0,14,0,0,14,4,0,0,2,2,0
539,hdr,50000,5,53,26,east,23,2,3,3,3,0,1,0,1,1,0,1,2,1,0,0,2,0
539,hdr,50000,5,53,36,east,33,3,3,8,3,13,1,4,13,1,4,9,0,1,1,5,0,1
539,hdr,50000,5,53,46,east,43,4,3,12,11,8,2,5,3,0,3,1,3,0,1,1,1,0
541,ldshoots,50000,5,54,14,east,11,1,1,29,25,18,25,18,0,12,11,0,0,0,1,0,0,0
541,ldshoots,50000,5,54,24,east,21,2,1,23,23,16,23,16,0,10,16,0,10,1,1,0,0,0
541,ldshoots,50000,5,54,34,east,31,3,1,34,25,19,25,19,4,18,12,4,0,1,0,0,0,3
541,ldshoots,50000,5,54,44,east,41,4,1,1,1,6,1,6,0,1,5,0,10,0,0,0,2,0
541,ldshoots,50000,5,54,15,east,12,1,2,16,16,9,16,9,0,3,4,0,3,1,0,0,0,0
541,ldshoots,50000,5,54,25,east,22,2,2,25,25,11,25,11,0,13,8,0,13,0,0,0,1,0
541,ldshoots,50000,5,54,35,east,32,3,2,39,37,10,37,10,0,26,6,0,15,3,0,0,0,0
541,ldshoots,50000,5,54,45,east,42,4,2,15,13,9,13,9,0,6,1,0,11,0,0,0,0,0
541,ldshoots,50000,5,54,16,east,13,1,3,1,1,3,1,3,0,1,3,0,5,0,1,0,0,0
541,ldshoots,50000,5,54,26,east,23,2,3,1,1,17,1,17,0,1,11,0,5,0,1,0,0,0
541,ldshoots,50000,5,54,36,east,33,3,3,51,51,18,51,18,0,29,13,0,6,5,0,0,0,0
541,ldshoots,50000,5,54,46,east,43,4,3,2,2,2,2,2,0,2,2,0,14,0,0,0,0,0
545,ldshoots,500,5,54,14,east,11,1,1,0,0,0,0,0,0,0,0,0,1,0,0,0,1,0
545,ldshoots,500,5,54,24,east,21,2,1,0,0,0,0,0,0,0,0,0,0,0,0,0,0,0
545,ldshoots,500,5,54,34,east,31,3,1,0,0,1,0,1,0,0,0,0,0,0,0,0,0,1
545,ldshoots,500,5,54,44,east,41,4,1,0,0,0,0,0,0,0,0,0,0,0,0,0,0,0
545,ldshoots,500,5,54,15,east,12,1,2,0,0,0,0,0,0,0,0,0,1,0,0,0,0,0
545,ldshoots,500,5,54,25,east,22,2,2,0,0,0,0,0,0,0,0,0,0,0,0,0,0,0
545,ldshoots,500,5,54,35,east,32,3,2,0,0,0,0,0,0,0,0,0,0,0,0,0,0,0
545,ldshoots,500,5,54,45,east,42,4,2,0,0,0,0,0,0,0,0,0,0,0,0,0,0,0
545,ldshoots,500,5,54,16,east,13,1,3,0,0,0,0,0,0,0,0,0,0,0,0,0,0,0
545,ldshoots,500,5,54,26,east,23,2,3,0,0,0,0,0,0,0,0,0,0,0,0,0,0,0
545,ldshoots,500,5,54,36,east,33,3,3,0,0,1,0,1,0,0,0,0,0,0,0,0,0,0
545,ldshoots,500,5,54,46,east,43,4,3,1,0,0,0,0,0,0,0,0,0,0,0,0,0,0
547,ldshoots,50,5,54,11,west,11,1,1,0,0,0,0,0,0,0,0,0,0,0,0,0,0,0
547,ldshoots,50,5,54,21,west,21,2,1,0,0,0,0,0,0,0,0,0,0,0,0,0,0,0
547,ldshoots,50,5,54,31,west,31,3,1,0,0,0,0,0,0,0,0,0,0,0,0,0,0,0
547,ldshoots,50,5,54,41,west,41,4,1,1,1,0,0,0,0,0,0,0,0,0,0,0,0,0
547,ldshoots,50,5,54,12,west,12,1,2,0,0,0,1,0,0,1,0,0,0,1,0,0,0,0
547,ldshoots,50,5,54,22,west,22,2,2,0,0,0,0,0,0,0,0,0,0,0,0,0,0,0
547,ldshoots,50,5,54,32,west,32,3,2,0,0,0,0,0,0,0,0,0,0,0,0,0,0,0
547,ldshoots,50,5,54,42,west,42,4,2,0,0,0,0,0,0,0,0,0,0,0,0,0,0,0
547,ldshoots,50,5,54,13,west,13,1,3,0,0,0,0,0,0,0,0,0,0,0,0,0,0,0
547,ldshoots,50,5,54,23,west,23,2,3,0,0,0,0,0,0,0,0,0,0,0,0,0,0,0
547,ldshoots,50,5,54,33,west,33,3,3,0,0,0,0,0,0,0,0,0,0,0,0,0,0,0
547,ldshoots,50,5,54,43,west,43,4,3,0,0,0,0,0,0,0,0,0,0,0,0,0,0,0
549,ldshoots,5000,5,54,14,east,11,1,1,6,5,2,0,0,0,1,1,0,0,0,0,0,0,0
549,ldshoots,5000,5,54,24,east,21,2,1,1,1,7,5,1,0,0,5,0,1,0,1,0,0,0
549,ldshoots,5000,5,54,34,east,31,3,1,0,0,0,1,7,0,0,0,0,2,0,0,0,0,0
549,ldshoots,5000,5,54,44,east,41,4,1,0,0,1,0,0,0,0,0,0,1,0,0,0,0,0
549,ldshoots,5000,5,54,15,east,12,1,2,13,13,12,0,1,0,4,4,0,0,1,2,0,0,0
549,ldshoots,5000,5,54,25,east,22,2,2,1,1,4,13,12,0,0,0,0,1,0,0,0,0,0
549,ldshoots,5000,5,54,35,east,32,3,2,1,1,1,1,4,0,0,0,0,0,0,0,0,0,0
549,ldshoots,5000,5,54,45,east,42,4,2,0,0,0,1,1,0,0,0,0,1,0,0,0,0,0
549,ldshoots,5000,5,54,16,east,13,1,3,0,0,2,0,0,0,0,1,0,4,0,1,0,0,0
549,ldshoots,5000,5,54,26,east,23,2,3,3,3,1,0,2,0,1,1,0,0,0,0,0,0,0
549,ldshoots,5000,5,54,36,east,33,3,3,0,0,4,3,1,0,0,1,0,0,0,1,0,0,0
549,ldshoots,5000,5,54,46,east,43,4,3,0,0,0,0,4,0,0,0,0,0,0,0,0,0,0
552,bare,5000,5,55,11,west,11,1,1,0,0,4,0,1,1,0,1,0,1,0,1,0,1,0
552,bare,5000,5,55,21,west,21,2,1,0,0,2,0,1,2,0,1,2,0,0,0,0,0,0
552,bare,5000,5,55,31,west,31,3,1,0,0,7,0,2,4,0,1,4,0,0,1,3,0,0
552,bare,5000,5,55,41,west,41,4,1,0,0,2,0,1,0,0,0,0,1,0,0,0,0,0
552,bare,5000,5,55,12,west,12,1,2,-1,0,7,0,0,2,0,0,0,0,0,0,0,0,0
552,bare,5000,5,55,22,west,22,2,2,0,0,2,0,1,1,0,0,1,1,0,0,0,0,0
552,bare,5000,5,55,32,west,32,3,2,0,0,9,0,1,1,0,1,1,0,0,0,1,0,0
552,bare,5000,5,55,42,west,42,4,2,0,0,3,0,0,0,0,0,0,0,0,0,0,0,0
552,bare,5000,5,55,13,west,13,1,3,1,1,3,0,0,3,0,0,3,1,0,0,1,1,1
552,bare,5000,5,55,23,west,23,2,3,0,0,0,0,0,2,0,0,2,0,0,0,0,0,0
552,bare,5000,5,55,33,west,33,3,3,0,0,6,0,0,1,0,0,1,0,0,0,0,0,0
552,bare,5000,5,55,43,west,43,4,3,1,1,1,0,0,2,0,0,1,0,0,0,0,0,0
553,bare,50000,5,55,14,east,11,1,1,16,16,20,3,4,7,0,2,4,0,0,0,4,0,0
553,bare,50000,5,55,24,east,21,2,1,44,44,52,19,20,16,18,17,14,0,12,15,14,0,0
553,bare,50000,5,55,34,east,31,3,1,35,35,35,22,15,8,20,11,6,0,8,0,2,0,1
553,bare,50000,5,55,44,east,41,4,1,18,18,39,7,8,9,2,5,7,0,2,1,4,0,0
553,bare,50000,5,55,15,east,12,1,2,15,15,15,9,5,1,9,3,1,0,6,0,1,0,3
553,bare,50000,5,55,25,east,22,2,2,42,42,49,18,34,3,18,25,4,4,15,22,4,4,0
553,bare,50000,5,55,35,east,32,3,2,21,18,13,2,6,6,2,5,6,0,2,5,6,0,0
553,bare,50000,5,55,45,east,42,4,2,13,13,11,2,6,5,1,6,2,0,1,4,0,0,0
553,bare,50000,5,55,16,east,13,1,3,3,3,3,1,0,0,1,0,1,0,1,0,0,0,0
553,bare,50000,5,55,26,east,23,2,3,6,6,8,1,4,1,0,0,1,0,0,0,4,0,0
553,bare,50000,5,55,36,east,33,3,3,32,32,19,1,1,6,1,0,3,0,1,0,3,0,0
553,bare,50000,5,55,46,east,43,4,3,4,4,6,0,0,0,0,0,0,0,0,0,0,0,1
557,bare,500,5,55,11,west,11,1,1,0,0,0,0,0,0,0,0,0,0,0,0,0,0,0
557,bare,500,5,55,21,west,21,2,1,0,0,1,0,0,0,0,0,0,0,0,0,0,0,0
557,bare,500,5,55,31,west,31,3,1,1,1,0,0,0,1,0,0,1,0,0,0,0,0,0
557,bare,500,5,55,41,west,41,4,1,0,0,1,0,0,0,0,0,0,0,0,0,0,0,0
557,bare,500,5,55,12,west,12,1,2,0,0,1,0,0,0,0,0,0,0,0,0,0,0,0
557,bare,500,5,55,22,west,22,2,2,0,0,0,0,0,1,0,0,0,0,0,0,0,0,0
557,bare,500,5,55,32,west,32,3,2,0,0,0,0,0,0,0,0,0,0,0,0,0,0,0
557,bare,500,5,55,42,west,42,4,2,0,0,0,0,0,1,0,0,1,0,0,0,1,0,0
557,bare,500,5,55,13,west,13,1,3,2,1,0,0,0,0,0,0,0,0,0,0,0,0,0
557,bare,500,5,55,23,west,23,2,3,0,0,0,0,0,0,0,0,0,0,0,0,0,0,0
557,bare,500,5,55,33,west,33,3,3,0,0,0,0,0,0,0,0,0,0,0,0,0,0,0
557,bare,500,5,55,43,west,43,4,3,0,0,0,0,0,0,0,0,0,1,0,0,0,1,0
558,bare,50,5,55,11,west,11,1,1,0,0,0,0,0,0,0,0,0,0,0,0,0,0,0
558,bare,50,5,55,21,west,21,2,1,0,0,0,0,0,0,0,0,0,1,0,0,0,0,0
558,bare,50,5,55,31,west,31,3,1,0,0,1,0,1,0,0,1,0,0,0,0,0,0,0
558,bare,50,5,55,41,west,41,4,1,0,0,0,0,0,1,0,0,0,0,0,0,0,0,0
558,bare,50,5,55,12,west,12,1,2,0,0,0,0,0,0,0,0,0,0,0,0,0,0,0
558,bare,50,5,55,22,west,22,2,2,0,0,0,0,0,0,0,0,0,0,0,0,0,0,0
558,bare,50,5,55,32,west,32,3,2,0,0,0,0,0,0,0,0,0,0,0,0,0,0,0
558,bare,50,5,55,42,west,42,4,2,0,0,0,0,0,0,0,0,0,0,0,0,0,0,0
558,bare,50,5,55,13,west,13,1,3,0,0,0,0,0,0,0,0,0,0,0,0,0,0,0
558,bare,50,5,55,23,west,23,2,3,0,0,0,0,0,0,0,0,0,0,0,0,0,0,0
558,bare,50,5,55,33,west,33,3,3,0,0,0,0,0,0,0,0,0,0,0,0,0,0,0
558,bare,50,5,55,43,west,43,4,3,0,0,0,0,0,0,0,0,0,0,0,0,0,0,0
111,ldr,50,1,11,11,west,11,1,1,0,0,0,0,0,0,0,0,0,2,na,na,na,na,na
111,ldr,50,1,11,21,west,21,2,1,0,0,0,0,0,0,0,0,0,0,na,na,na,na,na
111,ldr,50,1,11,31,west,31,3,1,0,0,0,0,0,0,0,0,0,0,na,na,na,na,na
111,ldr,50,1,11,41,west,41,4,1,0,0,0,0,0,0,0,0,0,0,na,na,na,na,na
111,ldr,50,1,11,12,west,12,1,2,0,0,1,0,0,0,0,0,0,0,na,na,na,na,na
111,ldr,50,1,11,22,west,22,2,2,0,0,0,0,0,0,0,0,0,0,na,na,na,na,na
111,ldr,50,1,11,32,west,32,3,2,0,0,0,0,0,0,0,0,0,0,na,na,na,na,na
111,ldr,50,1,11,42,west,42,4,2,0,0,0,0,0,0,0,0,0,0,na,na,na,na,na
111,ldr,50,1,11,13,west,13,1,3,0,0,0,0,0,0,0,0,0,0,na,na,na,na,na
111,ldr,50,1,11,23,west,23,2,3,0,0,0,0,0,0,0,0,0,0,na,na,na,na,na
111,ldr,50,1,11,33,west,33,3,3,0,0,0,0,0,0,0,0,0,0,na,na,na,na,na
111,ldr,50,1,11,43,west,43,4,3,0,0,0,0,0,0,0,0,0,0,na,na,na,na,na
112,ldr,500,1,11,14,east,11,1,1,0,0,0,0,0,0,0,0,0,0,na,na,na,na,na
112,ldr,500,1,11,24,east,21,2,1,0,0,0,0,0,0,0,0,0,0,na,na,na,na,na
112,ldr,500,1,11,34,east,31,3,1,0,0,0,0,0,0,0,0,0,0,na,na,na,na,na
112,ldr,500,1,11,44,east,41,4,1,0,0,1,0,1,1,0,0,0,1,na,na,na,na,na
112,ldr,500,1,11,15,east,12,1,2,0,0,0,0,0,0,0,0,0,1,na,na,na,na,na
112,ldr,500,1,11,25,east,22,2,2,0,0,0,0,0,0,0,0,0,0,na,na,na,na,na
112,ldr,500,1,11,35,east,32,3,2,0,0,0,0,0,1,0,0,0,0,na,na,na,na,na
112,ldr,500,1,11,45,east,42,4,2,0,0,0,0,0,1,0,0,1,2,na,na,na,na,na
112,ldr,500,1,11,16,east,13,1,3,1,1,0,1,0,0,1,0,0,0,na,na,na,na,na
112,ldr,500,1,11,26,east,23,2,3,0,0,0,0,0,0,0,0,0,0,na,na,na,na,na
112,ldr,500,1,11,36,east,33,3,3,0,0,0,0,0,0,0,0,0,1,na,na,na,na,na
112,ldr,500,1,11,46,east,43,4,3,0,0,0,0,0,0,0,0,0,1,na,na,na,na,na
116,ldr,5000,1,11,14,east,11,1,1,0,0,3,0,2,7,0,2,2,2,na,na,na,na,na
116,ldr,5000,1,11,24,east,21,2,1,1,1,2,0,1,2,0,1,1,0,na,na,na,na,na
116,ldr,5000,1,11,34,east,31,3,1,0,0,1,0,0,2,0,0,1,0,na,na,na,na,na
116,ldr,5000,1,11,44,east,41,4,1,1,1,0,1,0,9,1,0,9,0,na,na,na,na,na
116,ldr,5000,1,11,15,east,12,1,2,1,0,0,0,0,2,0,0,2,0,na,na,na,na,na
116,ldr,5000,1,11,25,east,22,2,2,6,4,1,1,0,2,2,0,2,1,na,na,na,na,na
116,ldr,5000,1,11,35,east,32,3,2,1,1,6,0,2,2,0,1,0,0,na,na,na,na,na
116,ldr,5000,1,11,45,east,42,4,2,0,0,0,0,0,5,0,0,5,0,na,na,na,na,na
116,ldr,5000,1,11,16,east,13,1,3,3,2,0,2,0,3,2,0,3,0,na,na,na,na,na
116,ldr,5000,1,11,26,east,23,2,3,3,3,2,3,2,2,3,2,2,3,na,na,na,na,na
116,ldr,5000,1,11,36,east,33,3,3,0,0,0,0,0,4,0,0,4,1,na,na,na,na,na
116,ldr,5000,1,11,46,east,43,4,3,1,1,0,0,0,2,0,0,2,0,na,na,na,na,na
117,ldr,50000,1,11,14,east,11,1,1,5,5,16,5,14,23,5,13,20,2,na,na,na,na,na
117,ldr,50000,1,11,24,east,21,2,1,112,112,31,42,6,6,23,5,1,0,na,na,na,na,na
117,ldr,50000,1,11,34,east,31,3,1,76,55,7,37,5,0,19,4,0,3,na,na,na,na,na
117,ldr,50000,1,11,44,east,41,4,1,13,13,16,11,13,7,2,7,4,0,na,na,na,na,na
117,ldr,50000,1,11,15,east,12,1,2,13,13,12,10,9,4,7,6,1,1,na,na,na,na,na
117,ldr,50000,1,11,25,east,22,2,2,52,52,26,16,13,17,7,10,17,3,na,na,na,na,na
117,ldr,50000,1,11,35,east,32,3,2,19,17,17,9,7,1,6,2,0,0,na,na,na,na,na
117,ldr,50000,1,11,45,east,42,4,2,2,2,25,2,16,4,2,8,3,0,na,na,na,na,na
117,ldr,50000,1,11,16,east,13,1,3,7,7,2,3,1,6,3,1,5,1,na,na,na,na,na
117,ldr,50000,1,11,26,east,23,2,3,31,31,4,18,1,6,18,1,5,2,na,na,na,na,na
117,ldr,50000,1,11,36,east,33,3,3,12,12,14,9,12,10,5,4,7,4,na,na,na,na,na
117,ldr,50000,1,11,46,east,43,4,3,9,9,15,4,8,5,3,3,0,1,na,na,na,na,na
122,bare,5000,1,12,14,east,11,1,1,3,2,3,1,2,0,1,0,0,0,na,na,na,na,na
122,bare,5000,1,12,24,east,21,2,1,5,3,1,1,0,0,1,0,0,0,na,na,na,na,na
122,bare,5000,1,12,34,east,31,3,1,0,0,1,0,1,0,0,0,0,0,na,na,na,na,na
122,bare,5000,1,12,44,east,41,4,1,2,2,1,0,1,1,0,0,1,1,na,na,na,na,na
122,bare,5000,1,12,15,east,12,1,2,1,1,1,1,0,0,1,0,0,0,na,na,na,na,na
122,bare,5000,1,12,25,east,22,2,2,2,2,4,1,2,1,1,2,1,0,na,na,na,na,na
122,bare,5000,1,12,35,east,32,3,2,1,1,0,0,0,2,0,0,1,0,na,na,na,na,na
122,bare,5000,1,12,45,east,42,4,2,2,2,3,1,0,1,1,0,1,0,na,na,na,na,na
122,bare,5000,1,12,16,east,13,1,3,0,0,0,0,0,0,0,0,0,0,na,na,na,na,na
122,bare,5000,1,12,26,east,23,2,3,2,2,2,1,0,2,1,0,2,0,na,na,na,na,na
122,bare,5000,1,12,36,east,33,3,3,0,0,1,0,0,0,0,0,0,0,na,na,na,na,na
122,bare,5000,1,12,46,east,43,4,3,0,0,1,0,0,0,0,0,0,0,na,na,na,na,na
123,bare,500,1,12,11,west,11,1,1,0,0,0,0,0,0,0,0,0,0,na,na,na,na,na
123,bare,500,1,12,21,west,21,2,1,1,1,0,1,0,0,1,0,0,0,na,na,na,na,na
123,bare,500,1,12,31,west,31,3,1,0,0,0,0,0,0,0,0,0,0,na,na,na,na,na
123,bare,500,1,12,41,west,41,4,1,0,0,0,0,0,2,0,0,2,0,na,na,na,na,na
123,bare,500,1,12,12,west,12,1,2,0,0,0,0,0,0,0,0,0,0,na,na,na,na,na
123,bare,500,1,12,22,west,22,2,2,0,0,0,0,0,0,0,0,0,0,na,na,na,na,na
123,bare,500,1,12,32,west,32,3,2,0,0,1,0,1,0,0,1,0,0,na,na,na,na,na
123,bare,500,1,12,42,west,42,4,2,2,2,0,1,0,0,1,0,0,0,na,na,na,na,na
123,bare,500,1,12,13,west,13,1,3,1,1,0,1,0,0,0,0,0,0,na,na,na,na,na
123,bare,500,1,12,23,west,23,2,3,1,0,0,0,0,0,0,0,0,0,na,na,na,na,na
123,bare,500,1,12,33,west,33,3,3,0,0,0,0,0,0,0,0,0,0,na,na,na,na,na
123,bare,500,1,12,43,west,43,4,3,0,0,0,0,0,1,0,0,1,0,na,na,na,na,na
124,bare,50,1,12,14,east,11,1,1,1,0,0,0,0,0,0,0,0,0,na,na,na,na,na
124,bare,50,1,12,24,east,21,2,1,0,0,0,0,0,0,0,0,0,0,na,na,na,na,na
124,bare,50,1,12,34,east,31,3,1,0,0,0,0,0,0,0,0,0,0,na,na,na,na,na
124,bare,50,1,12,44,east,41,4,1,0,0,0,0,0,0,0,0,0,0,na,na,na,na,na
124,bare,50,1,12,15,east,12,1,2,0,0,0,0,0,0,0,0,0,0,na,na,na,na,na
124,bare,50,1,12,25,east,22,2,2,0,0,0,0,0,0,0,0,0,0,na,na,na,na,na
124,bare,50,1,12,35,east,32,3,2,0,0,0,0,0,0,0,0,0,0,na,na,na,na,na
124,bare,50,1,12,45,east,42,4,2,0,0,0,0,0,0,0,0,0,0,na,na,na,na,na
124,bare,50,1,12,16,east,13,1,3,0,0,0,0,0,0,0,0,0,0,na,na,na,na,na
124,bare,50,1,12,26,east,23,2,3,0,0,0,0,0,0,0,0,0,0,na,na,na,na,na
124,bare,50,1,12,36,east,33,3,3,0,0,0,0,0,0,0,0,0,0,na,na,na,na,na
124,bare,50,1,12,46,east,43,4,3,1,1,0,1,0,0,0,0,0,0,na,na,na,na,na
128,bare,50000,1,12,14,east,11,1,1,10,10,15,6,9,0,2,2,0,0,na,na,na,na,na
128,bare,50000,1,12,24,east,21,2,1,17,17,16,5,4,2,1,1,0,0,na,na,na,na,na
128,bare,50000,1,12,34,east,31,3,1,53,53,21,30,11,18,11,3,13,2,na,na,na,na,na
128,bare,50000,1,12,44,east,41,4,1,20,17,24,2,6,5,3,4,5,6,na,na,na,na,na
128,bare,50000,1,12,15,east,12,1,2,18,18,7,10,6,14,1,2,6,1,na,na,na,na,na
128,bare,50000,1,12,25,east,22,2,2,7,7,32,2,16,11,0,4,3,1,na,na,na,na,na
128,bare,50000,1,12,35,east,32,3,2,14,14,26,6,4,0,0,0,0,2,na,na,na,na,na
128,bare,50000,1,12,45,east,42,4,2,6,4,7,1,2,7,0,0,1,0,na,na,na,na,na
128,bare,50000,1,12,16,east,13,1,3,0,0,11,0,7,3,0,4,1,0,na,na,na,na,na
128,bare,50000,1,12,26,east,23,2,3,6,6,11,3,3,5,0,1,3,0,na,na,na,na,na
128,bare,50000,1,12,36,east,33,3,3,3,3,21,3,8,8,1,5,5,2,na,na,na,na,na
128,bare,50000,1,12,46,east,43,4,3,5,5,6,1,5,1,1,3,1,3,na,na,na,na,na
131,ldshoots,50000,1,13,14,east,11,1,1,15,15,9,15,9,0,13,5,0,10,na,na,na,na,na
131,ldshoots,50000,1,13,24,east,21,2,1,71,60,1,60,1,0,46,0,0,9,na,na,na,na,na
131,ldshoots,50000,1,13,34,east,31,3,1,36,26,3,26,3,17,20,0,17,20,na,na,na,na,na
131,ldshoots,50000,1,13,44,east,41,4,1,1,1,1,1,1,0,1,1,0,7,na,na,na,na,na
131,ldshoots,50000,1,13,15,east,12,1,2,11,11,9,11,9,0,9,3,0,3,na,na,na,na,na
131,ldshoots,50000,1,13,25,east,22,2,2,47,46,9,46,9,0,26,5,0,10,na,na,na,na,na
131,ldshoots,50000,1,13,35,east,32,3,2,42,36,2,36,2,3,9,0,1,8,na,na,na,na,na
131,ldshoots,50000,1,13,45,east,42,4,2,0,0,2,0,2,0,0,2,0,21,na,na,na,na,na
131,ldshoots,50000,1,13,16,east,13,1,3,23,23,24,23,24,0,17,11,0,10,na,na,na,na,na
131,ldshoots,50000,1,13,26,east,23,2,3,18,18,3,18,3,0,9,2,0,0,na,na,na,na,na
131,ldshoots,50000,1,13,36,east,33,3,3,54,46,6,46,6,0,32,6,0,1,na,na,na,na,na
131,ldshoots,50000,1,13,46,east,43,4,3,4,4,2,4,2,0,4,2,0,8,na,na,na,na,na
136,ldshoots,50,1,13,11,west,11,1,1,0,0,0,0,0,0,0,0,0,0,na,na,na,na,na
136,ldshoots,50,1,13,21,west,21,2,1,0,0,0,0,0,0,0,0,0,0,na,na,na,na,na
136,ldshoots,50,1,13,31,west,31,3,1,0,0,0,0,0,0,0,0,0,0,na,na,na,na,na
136,ldshoots,50,1,13,41,west,41,4,1,0,0,0,0,0,0,0,0,0,0,na,na,na,na,na
136,ldshoots,50,1,13,12,west,12,1,2,0,0,0,0,0,0,0,0,0,0,na,na,na,na,na
136,ldshoots,50,1,13,22,west,22,2,2,0,0,0,0,0,0,0,0,0,0,na,na,na,na,na
136,ldshoots,50,1,13,32,west,32,3,2,0,0,0,0,0,0,0,0,0,0,na,na,na,na,na
136,ldshoots,50,1,13,42,west,42,4,2,0,0,0,0,0,0,0,0,0,0,na,na,na,na,na
136,ldshoots,50,1,13,13,west,13,1,3,0,0,0,0,0,0,0,0,0,0,na,na,na,na,na
136,ldshoots,50,1,13,23,west,23,2,3,0,0,0,0,0,0,0,0,0,0,na,na,na,na,na
136,ldshoots,50,1,13,33,west,33,3,3,0,0,0,0,0,0,0,0,0,0,na,na,na,na,na
136,ldshoots,50,1,13,43,west,43,4,3,0,0,0,0,0,0,0,0,0,0,na,na,na,na,na
137,ldshoots,500,1,13,14,east,11,1,1,0,0,0,0,0,0,0,0,0,0,na,na,na,na,na
137,ldshoots,500,1,13,24,east,21,2,1,0,0,0,0,0,0,0,0,0,0,na,na,na,na,na
137,ldshoots,500,1,13,34,east,31,3,1,0,0,1,0,1,0,0,1,0,0,na,na,na,na,na
137,ldshoots,500,1,13,44,east,41,4,1,0,0,0,0,0,0,0,0,0,0,na,na,na,na,na
137,ldshoots,500,1,13,15,east,12,1,2,0,0,0,0,0,0,0,0,0,2,na,na,na,na,na
137,ldshoots,500,1,13,25,east,22,2,2,1,0,0,0,0,0,0,0,0,1,na,na,na,na,na
137,ldshoots,500,1,13,35,east,32,3,2,0,0,0,0,0,0,0,0,0,0,na,na,na,na,na
137,ldshoots,500,1,13,45,east,42,4,2,0,0,0,0,0,0,0,0,0,0,na,na,na,na,na
137,ldshoots,500,1,13,16,east,13,1,3,0,0,0,0,0,0,0,0,0,0,na,na,na,na,na
137,ldshoots,500,1,13,26,east,23,2,3,0,0,0,0,0,0,0,0,0,0,na,na,na,na,na
137,ldshoots,500,1,13,36,east,33,3,3,0,0,0,0,0,0,0,0,0,0,na,na,na,na,na
137,ldshoots,500,1,13,46,east,43,4,3,0,0,0,0,0,0,0,0,0,0,na,na,na,na,na
138,ldshoots,5000,1,13,14,east,11,1,1,0,0,0,0,0,0,0,0,0,1,na,na,na,na,na
138,ldshoots,5000,1,13,24,east,21,2,1,0,0,0,0,0,0,0,0,0,5,na,na,na,na,na
138,ldshoots,5000,1,13,34,east,31,3,1,0,0,0,0,0,0,0,0,0,1,na,na,na,na,na
138,ldshoots,5000,1,13,44,east,41,4,1,1,0,0,0,0,0,0,0,0,1,na,na,na,na,na
138,ldshoots,5000,1,13,15,east,12,1,2,0,0,0,0,0,0,0,0,0,2,na,na,na,na,na
138,ldshoots,5000,1,13,25,east,22,2,2,0,0,0,0,0,0,0,0,0,0,na,na,na,na,na
138,ldshoots,5000,1,13,35,east,32,3,2,1,0,0,0,0,0,0,0,0,3,na,na,na,na,na
138,ldshoots,5000,1,13,45,east,42,4,2,0,0,0,0,0,0,0,0,0,1,na,na,na,na,na
138,ldshoots,5000,1,13,16,east,13,1,3,0,0,0,0,0,3,0,0,3,0,na,na,na,na,na
138,ldshoots,5000,1,13,26,east,23,2,3,0,0,0,0,0,0,0,0,0,1,na,na,na,na,na
138,ldshoots,5000,1,13,36,east,33,3,3,0,0,0,0,0,0,0,0,0,2,na,na,na,na,na
138,ldshoots,5000,1,13,46,east,43,4,3,0,0,0,0,0,0,0,0,0,1,na,na,na,na,na
141,hdr,500,1,14,14,east,11,1,1,0,0,0,0,0,0,0,0,0,0,na,na,na,na,na
141,hdr,500,1,14,24,east,21,2,1,0,0,0,0,0,0,0,0,0,0,na,na,na,na,na
141,hdr,500,1,14,34,east,31,3,1,0,0,0,0,0,0,0,0,0,0,na,na,na,na,na
141,hdr,500,1,14,44,east,41,4,1,0,0,0,0,0,0,0,0,0,0,na,na,na,na,na
141,hdr,500,1,14,15,east,12,1,2,0,0,0,0,0,0,0,0,0,0,na,na,na,na,na
141,hdr,500,1,14,25,east,22,2,2,0,0,0,0,0,0,0,0,0,0,na,na,na,na,na
141,hdr,500,1,14,35,east,32,3,2,0,0,0,0,0,0,0,0,0,0,na,na,na,na,na
141,hdr,500,1,14,45,east,42,4,2,1,0,0,0,0,0,0,0,0,0,na,na,na,na,na
141,hdr,500,1,14,16,east,13,1,3,0,0,0,0,0,0,0,0,0,0,na,na,na,na,na
141,hdr,500,1,14,26,east,23,2,3,0,0,0,0,0,1,0,0,1,0,na,na,na,na,na
141,hdr,500,1,14,36,east,33,3,3,0,0,0,0,0,0,0,0,0,0,na,na,na,na,na
141,hdr,500,1,14,46,east,43,4,3,0,0,0,0,0,0,0,0,0,0,na,na,na,na,na
145,hdr,50000,1,14,14,east,11,1,1,33,31,7,15,2,10,11,0,10,4,na,na,na,na,na
145,hdr,50000,1,14,24,east,21,2,1,19,15,6,10,3,29,2,3,18,0,na,na,na,na,na
145,hdr,50000,1,14,34,east,31,3,1,23,23,35,26,31,50,8,25,45,3,na,na,na,na,na
145,hdr,50000,1,14,44,east,41,4,1,40,40,23,28,24,2,25,21,2,34,na,na,na,na,na
145,hdr,50000,1,14,15,east,12,1,2,52,52,4,41,3,36,34,3,27,2,na,na,na,na,na
145,hdr,50000,1,14,25,east,22,2,2,34,34,8,27,8,40,17,6,30,21,na,na,na,na,na
145,hdr,50000,1,14,35,east,32,3,2,53,53,12,48,12,12,46,11,12,1,na,na,na,na,na
145,hdr,50000,1,14,45,east,42,4,2,53,53,8,41,4,11,25,5,8,32,na,na,na,na,na
145,hdr,50000,1,14,16,east,13,1,3,9,9,4,4,4,42,3,0,29,6,na,na,na,na,na
145,hdr,50000,1,14,26,east,23,2,3,18,15,2,8,1,17,6,0,15,6,na,na,na,na,na
145,hdr,50000,1,14,36,east,33,3,3,25,25,1,18,1,3,15,1,1,4,na,na,na,na,na
145,hdr,50000,1,14,46,east,43,4,3,9,9,2,7,1,2,5,1,0,0,na,na,na,na,na
146,hdr,5000,1,14,14,east,11,1,1,0,0,1,0,1,21,0,0,10,1,na,na,na,na,na
146,hdr,5000,1,14,24,east,21,2,1,0,0,0,0,0,5,0,0,4,1,na,na,na,na,na
146,hdr,5000,1,14,34,east,31,3,1,0,0,0,0,0,6,0,0,4,2,na,na,na,na,na
146,hdr,5000,1,14,44,east,41,4,1,5,4,3,3,2,2,0,1,1,9,na,na,na,na,na
146,hdr,5000,1,14,15,east,12,1,2,1,1,0,1,0,31,0,0,23,0,na,na,na,na,na
146,hdr,5000,1,14,25,east,22,2,2,2,2,1,1,1,11,0,1,6,1,na,na,na,na,na
146,hdr,5000,1,14,35,east,32,3,2,0,0,0,0,0,2,0,0,2,0,na,na,na,na,na
146,hdr,5000,1,14,45,east,42,4,2,2,1,1,1,1,3,1,0,2,10,na,na,na,na,na
146,hdr,5000,1,14,16,east,13,1,3,0,0,0,0,0,5,0,0,4,1,na,na,na,na,na
146,hdr,5000,1,14,26,east,23,2,3,0,0,0,0,0,0,0,0,0,0,na,na,na,na,na
146,hdr,5000,1,14,36,east,33,3,3,1,0,0,0,0,4,0,0,2,0,na,na,na,na,na
146,hdr,5000,1,14,46,east,43,4,3,0,0,0,0,0,5,0,0,4,3,na,na,na,na,na
149,hdr,50,1,14,11,west,11,1,1,0,0,0,0,0,1,0,0,0,0,na,na,na,na,na
149,hdr,50,1,14,21,west,21,2,1,0,0,0,0,0,0,0,0,0,0,na,na,na,na,na
149,hdr,50,1,14,31,west,31,3,1,0,0,0,0,0,0,0,0,0,0,na,na,na,na,na
149,hdr,50,1,14,41,west,41,4,1,0,0,0,0,0,1,0,0,1,0,na,na,na,na,na
149,hdr,50,1,14,12,west,12,1,2,0,0,0,0,0,0,0,0,0,0,na,na,na,na,na
149,hdr,50,1,14,22,west,22,2,2,0,0,0,0,0,0,0,0,0,0,na,na,na,na,na
149,hdr,50,1,14,32,west,32,3,2,0,0,0,0,0,0,0,0,0,0,na,na,na,na,na
149,hdr,50,1,14,42,west,42,4,2,0,0,0,0,0,0,0,0,0,0,na,na,na,na,na
149,hdr,50,1,14,13,west,13,1,3,0,0,0,0,0,0,0,0,0,0,na,na,na,na,na
149,hdr,50,1,14,23,west,23,2,3,0,0,0,0,0,0,0,0,0,0,na,na,na,na,na
149,hdr,50,1,14,33,west,33,3,3,0,0,0,0,0,0,0,0,0,0,na,na,na,na,na
149,hdr,50,1,14,43,west,43,4,3,0,0,0,0,0,0,0,0,0,0,na,na,na,na,na
152,hdshoots,50,1,15,14,east,11,1,1,0,0,0,0,0,0,0,0,0,1,na,na,na,na,na
152,hdshoots,50,1,15,24,east,21,2,1,0,0,1,0,1,0,0,0,0,0,na,na,na,na,na
152,hdshoots,50,1,15,34,east,31,3,1,0,0,0,0,0,0,0,0,0,0,na,na,na,na,na
152,hdshoots,50,1,15,44,east,41,4,1,0,0,0,0,0,0,0,0,0,0,na,na,na,na,na
152,hdshoots,50,1,15,15,east,12,1,2,0,0,0,0,0,0,0,0,0,0,na,na,na,na,na
152,hdshoots,50,1,15,25,east,22,2,2,0,0,0,0,0,0,0,0,0,0,na,na,na,na,na
152,hdshoots,50,1,15,35,east,32,3,2,1,0,0,0,0,0,0,0,0,0,na,na,na,na,na
152,hdshoots,50,1,15,45,east,42,4,2,0,0,0,0,0,0,0,0,0,0,na,na,na,na,na
152,hdshoots,50,1,15,16,east,13,1,3,0,0,0,0,0,0,0,0,0,0,na,na,na,na,na
152,hdshoots,50,1,15,26,east,23,2,3,0,0,0,0,0,0,0,0,0,0,na,na,na,na,na
152,hdshoots,50,1,15,36,east,33,3,3,0,0,0,0,0,0,0,0,0,0,na,na,na,na,na
152,hdshoots,50,1,15,46,east,43,4,3,0,0,0,0,0,0,0,0,0,0,na,na,na,na,na
153,hdshoots,50000,1,15,14,east,11,1,1,15,15,2,15,2,0,15,2,0,54,na,na,na,na,na
153,hdshoots,50000,1,15,24,east,21,2,1,12,12,7,12,7,0,11,7,0,18,na,na,na,na,na
153,hdshoots,50000,1,15,34,east,31,3,1,14,14,11,14,11,0,14,11,0,8,na,na,na,na,na
153,hdshoots,50000,1,15,44,east,41,4,1,4,4,4,4,4,0,4,2,0,21,na,na,na,na,na
153,hdshoots,50000,1,15,15,east,12,1,2,10,10,12,10,12,4,8,11,4,34,na,na,na,na,na
153,hdshoots,50000,1,15,25,east,22,2,2,17,17,10,17,10,5,15,7,0,25,na,na,na,na,na
153,hdshoots,50000,1,15,35,east,32,3,2,7,7,10,7,10,0,7,9,0,15,na,na,na,na,na
153,hdshoots,50000,1,15,45,east,42,4,2,10,10,4,10,4,0,6,1,0,22,na,na,na,na,na
153,hdshoots,50000,1,15,16,east,13,1,3,2,2,2,2,2,13,2,2,13,22,na,na,na,na,na
153,hdshoots,50000,1,15,26,east,23,2,3,1,1,0,1,0,0,1,0,0,6,na,na,na,na,na
153,hdshoots,50000,1,15,36,east,33,3,3,2,2,0,2,0,0,1,0,0,4,na,na,na,na,na
153,hdshoots,50000,1,15,46,east,43,4,3,6,6,0,6,0,0,6,0,0,13,na,na,na,na,na
154,hdshoots,500,1,15,14,east,11,1,1,0,0,0,0,0,1,0,0,0,0,na,na,na,na,na
154,hdshoots,500,1,15,24,east,21,2,1,0,0,0,0,0,2,0,0,0,0,na,na,na,na,na
154,hdshoots,500,1,15,34,east,31,3,1,0,0,0,0,0,3,0,0,0,0,na,na,na,na,na
154,hdshoots,500,1,15,44,east,41,4,1,0,0,0,0,0,4,0,0,0,0,na,na,na,na,na
154,hdshoots,500,1,15,15,east,12,1,2,0,0,0,0,0,5,0,0,0,1,na,na,na,na,na
154,hdshoots,500,1,15,25,east,22,2,2,0,0,0,0,0,6,0,0,0,1,na,na,na,na,na
154,hdshoots,500,1,15,35,east,32,3,2,0,0,0,0,0,7,0,0,0,0,na,na,na,na,na
154,hdshoots,500,1,15,45,east,42,4,2,0,0,0,0,0,8,0,0,0,0,na,na,na,na,na
154,hdshoots,500,1,15,16,east,13,1,3,0,0,0,0,0,9,0,0,0,1,na,na,na,na,na
154,hdshoots,500,1,15,26,east,23,2,3,0,0,0,0,0,10,0,0,0,0,na,na,na,na,na
154,hdshoots,500,1,15,36,east,33,3,3,0,0,0,0,0,11,0,0,0,0,na,na,na,na,na
154,hdshoots,500,1,15,46,east,43,4,3,0,0,0,0,0,12,0,0,0,0,na,na,na,na,na
155,hdshoots,5000,1,15,14,east,11,1,1,1,1,0,1,0,0,0,0,0,4,na,na,na,na,na
155,hdshoots,5000,1,15,24,east,21,2,1,0,0,0,0,0,0,0,0,0,10,na,na,na,na,na
155,hdshoots,5000,1,15,34,east,31,3,1,0,0,0,0,0,0,0,0,0,10,na,na,na,na,na
155,hdshoots,5000,1,15,44,east,41,4,1,0,0,0,0,0,0,0,0,0,7,na,na,na,na,na
155,hdshoots,5000,1,15,15,east,12,1,2,0,0,0,0,0,0,0,0,0,2,na,na,na,na,na
155,hdshoots,5000,1,15,25,east,22,2,2,0,0,0,0,0,0,0,0,0,8,na,na,na,na,na
155,hdshoots,5000,1,15,35,east,32,3,2,1,1,1,1,1,0,1,1,0,4,na,na,na,na,na
155,hdshoots,5000,1,15,45,east,42,4,2,2,2,3,2,3,0,2,0,0,5,na,na,na,na,na
155,hdshoots,5000,1,15,16,east,13,1,3,2,2,2,2,2,0,0,2,0,4,na,na,na,na,na
155,hdshoots,5000,1,15,26,east,23,2,3,0,0,0,0,0,0,0,0,0,3,na,na,na,na,na
155,hdshoots,5000,1,15,36,east,33,3,3,0,0,0,0,0,0,0,0,0,3,na,na,na,na,na
155,hdshoots,5000,1,15,46,east,43,4,3,0,0,0,0,0,0,0,0,0,1,na,na,na,na,na